location_name,name,date,rating,review_text
Simpang Lima Gumul,Margareth Renny,2 minggu lalu,5 bintang,"Wisata gratis di Kediri City...
Bangunan bagus dan bersih. Nyaman buat keluarga dan anak-anak. Pemandangan cantik di tengah jalan kota yang asri.
Recommended ğŸ‘ğŸ‘ğŸ‘"
Simpang Lima Gumul,asti eka w,4 minggu lalu,5 bintang,"Yeey akhirnya bisa mampir di Simpang Lima Gumul (SLG), ikon dari Kabupaten Kediri saat ini yang sekilas mirip dengan bangunan The Arc de Triomphe yang ada di Paris, Perancis.

Untuk sampai ke monumen ini, kita bisa mencari tempat parkir terdekat yang sudah disediakan karena disana terdapat pintu masuk ke tempat ini.

Setelah parkir, kita akan masuk ke dalam terowongan yang akan menghubungkan ke monumen ini. Jadi dilarang parkir sembarangan dan menyebrang jalan sembarangan di simpang lima gumul ini.

Terdapat faktaÂ² menarik tentang SLG, antara lain:

1. Waktu pembangunan berkisar 5 tahun, baru kemudian diresmikan di tahun 2008.

2. SLG punya luas bangunan 804 meter persegi, dengan tinggi mencapai 25 meter. Bangunannya terdiri dari 6 lantai dan ditumpu 3 tangga setinggi 3 meter dari lantai dasar.
Jadi, kalau kita berada di atap SLG, kita akan disajikan dengan keindahan panorama Kediri dari atas.

4. Jika The Arc de Triomphe menjadi gapura kemenangan di Paris, yang dibangun Napoleon sebagai bentuk penghormatan pasukannya, maka SLG dibangun untuk menggambarkan spirit berdirinya Kabupaten Kediri. SLG posisikan tepat di tengah jalur lima jalan arah Pare, Kediri, Plosoklaten, Pesantren dan Menang.

5. Pada sisi-sisi monumen kita juga bisa melihat beberapa pahatan relief yang menggambarkan sejarah Kediri, kesenian, hingga kebudayaannya.

Nah, waktu yang disarankan untuk datang ke Monumen Simpang Lima Gumul yaitu saat malam hari. Karena di malam hari, kita akan diperlihatkan perpaduan cahaya lampu di sini, ditambah kerlip lampu jalan Kota Kediri."
Simpang Lima Gumul,Jeane Sheima,2 minggu lalu,5 bintang,"Icon Kediri, monumen simpang lima gumul. Tempat yg wajib dikunjungi bersama keluarga kalau mampir ke Kediri, klo belum ke Gumul belum ke Kediri namanya. Kesini saat liburan, suasana sangat ramai, banyak jajanan kaki lima yg cukup enak dan ramah kantong, ada beberapa wahana permainan yg bisa dicoba (seperti pasar malam) lebih enak kesini saat mulai sore menjelang malam, krna merasakan transisi terang ke gelap, karena kalau siang panas sekali. Dan juga ada taman hijau yg luas dan terjaga dgn baik, cocok untuk keluarga dan bisa untuk jogging atau bersepeda."
Simpang Lima Gumul,Musdalifah,4 minggu lalu,4 bintang,"Salah satu ikon wisata Kediri, tempatnya sangat luas dan di sekitarnya ada taman untuk bersantai ataupun olahraga, kalau malam ada pasar malamnya dan banyak penjual makanan. Parkiran cukup luas dan ada ruang bawah tanah juga...."
Simpang Lima Gumul,istikoma hadi,sebulan lalu,5 bintang,monument simpang lima gumul. instagramebel untuk berfoto dan mengabadikan kebersamaan. ada taman bermain. lokasi luas. spot cuma di sekitaran monument saja. gak ada tiket masuk cuma bayar pakir aja 10.000 untuk mobil. masuk tanpa antri karena jalan masuk ada banyak.
Simpang Lima Gumul,dian mb,sebulan lalu,5 bintang,"Bersih. Buat nongkrong sore okelah. Bawa jajan sendiri yağŸ¤­ setauku ga ada yg jual makanan.
Parkir mobil bulan Maret 2024 Rp 10.000.
Buat foto antre apalagi weekend."
Simpang Lima Gumul,Echa Family Channel,2 minggu lalu,5 bintang,"Tiap Mudik Selalu Nyempetin Ke Simpang 5, Meski Berkali"" Kesini Tempat nya Ga Ngebosenin...Bisa Duduk"" Nyantai Sambil Menikmati View Pemandangan Sekitar Lokasi...Meskipun Ramai Pengunjung, Lingkungan Selalu Bersih Tidak Ada Sampah Berserakan...Ada Toko Yang Jual Oleh"" Juga..Minus nya Cuma Toilet, Kurang Bersih, Bau nya Pesing Sekali."
Simpang Lima Gumul,Hanifah,2 minggu lalu,5 bintang,"kalo ke Kediri ga mampir kesini kurang afdhol, karena ini iconnya Kediri. Karena musim kemarau jadi panas pwol kalau diluar. disamping ada outlet oleh oleh dan jual eskrim. rasanya biasa aja sih, tapi karena panas jadi seger aja"
Simpang Lima Gumul,Nita ika Febriana,seminggu lalu,5 bintang,"wisata murah paling deket sama rumah, pokok nya oke dan jajannya banyak banget, sukanya kalo disini bisa jajan banyakÂ² wkwk"
Simpang Lima Gumul,Asma'ul Hidayah,seminggu lalu,5 bintang,"Anginnya kwenceng bangetttt... Enak sih sbnernya gelesotan disini tapi karna angin kmren niatnya mau sambil belajar kan.. Jadi gabisa. Tapi enak banget buat santaÂ² cuman ya kalo lamaÂ² disini ya bisa masuk angij jugaaaaa... Kmren aja sampe menggigil gitu.
Dah, dahp panjang belum ya ini ulasanyaa.. Udah berapa karatker juga ga ngtung auk ah yaudah gini aja.."
Simpang Lima Gumul,Anita Setyawati,4 minggu lalu,5 bintang,Keren mirip di luar negeri ya....sayang pas kesana pas s8ang bolong jadi panas banget. Puas sih bisa foto2 disana. Parkirnya ada di sebrang simpang gumul nanti masuknya lewat kolong gituğŸ‘ğŸ‘
Simpang Lima Gumul,Dewi Karuniyawati,2 minggu lalu,5 bintang,View malam di simpang lima gumul. Baru pertama kali kesini. Kalo malam anginnya kencang sekali. Tampatnya lumayan aman untuk bermain anakâ€ karena lumuan rada jauh dari jalan. Dari parkiran ke gedung kotaknya melewati jalanan bawah tanah jadi aman karena tdk perlu menyebrang jalan.
Simpang Lima Gumul,Sang Petualang 21,3 minggu lalu,5 bintang,"Saya yg paling utama kalau bepergian ke wisataÂ² / tempat spot foto selalu mencari tempat parkir yg aman dan nyaman dulu baru ke 2 tempat refresingnya..
Tempat parkirnya aman..
Dan jalan menuju ke simpang 5 nya lewat bawah tanah..dan di suguhi dengan lukisanÂ² kuno yg bersejarah di masanya..
Di sudut mamapun simpang 5 ini memiliki spot foto yg sangat bagus jadi gk heran jika selalu ramai pengunjung..
Apalagi pas hari liburğŸ˜.."
Simpang Lima Gumul,dewi indra,seminggu lalu,3 bintang,"Untuk sekeliling area agak kotor, kurang enak dipandang. Saat melewati toilet aromanya semerbak.."
Simpang Lima Gumul,Reni DFitriani,2 bulan lalu,5 bintang,"Wisata gratis saat ke Kediri. Tempatnya luas dan sangat menarik namun ramai saat malam hari. Kalau mau foto foto di sini harus pinter cari angle yang pas. Parkiran terpisah, kalau warga luar kota sedikit bingung sama tempat parkirnya."
Simpang Lima Gumul,Tyas Bieber,sebulan lalu,5 bintang,"awalnya bingung parkirnya dimana karena saya bukan org kediri, tp akhirnya ketemu parkirannya. dari parkiran ke monumennya terhubung melalui jalan di bawah tanah. tempat parkirnya luas, tempatnya bersih dan anginnya cukup kenceng disini"
Simpang Lima Gumul,Aq Dewe,2 minggu lalu,5 bintang,"Area persinggahan sambil menikmati lalu lalang kendaraan lewat
Plus area UMKM yang tersedia diparkiran bisa membantu banget kalo pingin santai tanpa harus kelaparan.. Plus harga kaki lima

.
. Good recommended"
Simpang Lima Gumul,sapti gaminingsih,5 bulan lalu,5 bintang,"Saya senang bisa datang ke Gumul Kediri, tempatnya cantik, estetik, dan banyak sejarah tentang kota Kediri, tapi sayangnya karena tempatnya ditengah tengah lalu lintas , dari tempat parkiran mobil, menyebrangi jalannya sngat kesulitan,.. kedua kalinya saya baru tau kalau ternyata bisa melewati terowongan bawah tanah..ğŸ˜€ğŸ˜€ğŸ™
Untuk dijadikan spot foto cukup menarik,
Kalau boleh saran untuk bisa lebih lama dan ramai, dikelola kembali utk  pedagang disekitar area, makanan dan minuman khas Kediri,dan accesories agar pengunjung memiliki kenangan kalau sudah pernah berkunjung keGunul, atau pertunjukan kesenian, agar lebih terkesan berada disana"
Simpang Lima Gumul,Isnadi Otek,3 bulan lalu,5 bintang,"ke SLG hari sabtu  jam 6 Sore sampai jam 10 malam sangat ramai banyak yang jualan makanan minuman dll harga terjangkau.
Malam langsung ke pantai trenggalek"
Simpang Lima Gumul,wirandhiny dhara,3 minggu lalu,5 bintang,"Kesini di hari kedua lebaran, datangnya waktu pagi jadi gak begitu ramai. Bisa foto2 sepuasnya tp minusnya tidak begitu banyak org yg jualan krn masih pagi dan hari lebaran."
Simpang Lima Gumul,Daniar Anggit,4 bulan lalu,5 bintang,"Hari Sabtu berkunjung jam 21.00 wib sampai dilokasi, masuk parkir dan petugasnya baik memberi arahan tutup 22.00 wib, masih bisa melewati lorong dan menikmati pemandangan serta berfoto foto, ada petugas keamanan jadi semakin aman, ramai pengunjung"
Simpang Lima Gumul,Ichsan Nur Qolbi,3 bulan lalu,5 bintang,"Tempat nongkrong menikmati sore yang cocok untuk menghiasi penat...
Untuk tempat nya bersih, sejuk karena banyak pepohonan juga..
Untuk sentra kuliner juga disediakan tapi di taman dekat parkiran sehingga wilayah gumul nya tetap terjaga bersihnya..."
Simpang Lima Gumul,Putri F Windiningtyas,4 bulan lalu,5 bintang,"Iconnya Kota Kediri nih. Kurang lengkap kalau tidak mampir ke SLG yaa ala ala paris van java.
Tidak ada tiket masuk dan juga parkir berbayar.
Tempatnya luas, bersih dan pastinya instagramable."
Simpang Lima Gumul,Sheila Ayuningtyas,sebulan lalu,5 bintang,"tempat nongkrong dan berlibur di kediri yang cocok buat keluarga, dengan pemandangan jalan raya, banyak jajanan yang ditawarkan dan parkir juga luas"
Simpang Lima Gumul,Indrawan Dedes Dedy,4 bulan lalu,5 bintang,"Wisata gratis murah meriah, cuma bayar parkir 2000 sudah bisa foto foto selfi bareng keluarga, sayang saya ke SLG waktu siang, kalau sore/malam katanya lebih bagus"
Simpang Lima Gumul,Tiara Puspita,2 minggu lalu,4 bintang,"Lumayan bisa buat anak2 lari2an ğŸ˜
Adanya terowongan penghubung antara gumul dan parkiran, sangat membantu dan ada kesan tersendiri ğŸ˜„ â€¦"
Simpang Lima Gumul,Ndog Godhog,5 hari lalu,4 bintang,Bisa buat jogging disekitarnya....banyak PKL...ga takut kelaparan jalan2 disini ğŸ˜ â€¦
Simpang Lima Gumul,Aria Fransisca,4 bulan lalu,5 bintang,Bagus tempatnya. Nggak ada penjual asongan di area jd bersih tempatnya. Sejuk ada angin kencang pas kesini jadi gak kerasa panas walaupun lagi panasÂ²nya. Ada penyeberangan bawah tanah kayak di luar negeri hehehe
Simpang Lima Gumul,Sufiandini Etty,4 bulan lalu,5 bintang,"Angin semilir jd tak terasa kl panas, bisa utk fotoÂ² dg icon kota Kediri, tersedia toilet, ada lift tp sayang sekali tak berfungsi, dari parkiran menuju monumen aman banget karena lewat lorong bawah tanah sehingga tidak mengganggu lalu lintas dan menghindari kecelakaan, tempat bersih, free no HTM"
Simpang Lima Gumul,Ayu Wanda Sari,4 bulan lalu,5 bintang,"Ramai dihari libur, lebih baik sore hari kalau berkunjung karena siang lumayan panas.
Hanya membayar parkir, untuk mobil 5rb rupiah."
Simpang Lima Gumul,KUSTIN RAHAYU,2 bulan lalu,5 bintang,Untuk kedua kalinya kesini...sayang tiap sampai disini pas turun hujan...tapi tetap senang...Palagi disebelah ada pasar sore sekarang yg menjual.berbagai jajanan...menyenangkan
Simpang Lima Gumul,Aditia Dwi Mulyono,4 bulan lalu,5 bintang,"Mewah.... untuk kelokasi bisa lewat tempat parkir yang nanti bisa tembus ke pelataran simpang lima gumul, kebersihannya terjaga setiap pagi ada petugas yang membersihkan dan mengepel lantai"
Simpang Lima Gumul,Didi Wahyudi,6 hari lalu,5 bintang,"Parkir mobil murah cuman 5rb, tempat bersih, kesini cocok pagi hari atau sore hari"
Simpang Lima Gumul,Sarah San,5 bulan lalu,4 bintang,"Awalnya bingung gmn caranya masuk ke area ini , taunya lokasi parkirnya ada diseberang jalan dan kita bs lewat terowongan utk ke sini â€¦"
Simpang Lima Gumul,achcha,seminggu lalu,5 bintang,Waahhh keren sih tempatnya. Dibuat takjub saat kali pertama aku melihatnya hiyahiyahiya haha. Ternyata untuk masuk ke tempat dari ruang bawah tanah yg didesain sangat menarik. Keren pokoknya..sukaaa banget sma tempatnya. Rame sekali pas aku ke sana jadi malu buat foto2 hehe
Simpang Lima Gumul,Immash Pratiwi,5 bulan lalu,4 bintang,"Kesana saat pagi menjelang siang, masuk area gratis hanya membayar biaya parkir saja. Parkir mobil 5rb. Dari parkiran mobil ke simpang lima gumul via basement. Anginnya kencang dan sepertinya perlu dibuat apa ya supaya orang-orang yang â€¦"
Simpang Lima Gumul,Dhanny Ramadhan,3 minggu lalu,5 bintang,"Tempatnya strategis.cocok buat liburan dekt kota,akses mudah berlokasi dkt kawasan sejarah Kerajaan..Doho..dkt bandara,"
Simpang Lima Gumul,Alfi Qurrotul Aini,2 bulan lalu,5 bintang,"L'Arch de Triomphe of Kediri. Kalau pengen santuy ala-ala kamping duduk di rumput, kesini waktu pagi kalau enggak sore atau malem. Soalnya siang panas banget boss. Tapi ada spot yang adem kena bayangannya bangunan itu sendiri. Apalagi â€¦"
Simpang Lima Gumul,agus heriyanto,4 bulan lalu,5 bintang,hanya saja tempat sholatnya yang terbatas.... ato memang saia yang ndak paham..... karena hanya di T2 saja musholanya ada... plus kecil pula. mungkin bisa ditambah lagi musholanya. terima kasih.
Simpang Lima Gumul,Heru Setiawan,4 bulan lalu,4 bintang,"Kesini pas liburan natal dan tahun baru, lumayan rame, parkir mobil Rp 5 rb, fasilitas bangunan nya sudh byk yg perlu di perbaiki, perlu tambahan petugas kebersihan, tersedia toilet tp kurang bersih"
Simpang Lima Gumul,Enny Suryani,5 bulan lalu,5 bintang,"Saya kesini hari minggu pagi bersama keluarga saya, tempatnya bagus, anginnya kenceng banget jadi gk terasa panas menyengat, spot foto juga bagus"",
Recommended banget deh buat quality time sama keluarga"
Simpang Lima Gumul,Anitdhea Chandra,3 bulan lalu,5 bintang,"kerennn kalo malemmm, kalo siang panas bangett asliiii, rame jugaaa tp ttp bagus kalo fotoannya pintar cari engle"
Simpang Lima Gumul,Kenan Zufarrino,4 bulan lalu,5 bintang,Bangunana iconik yang terletak di kediri Jawa Timur. Bangunan yang hampir mirip dengan monumen arch de triomphe di Paris. Tempat parkir disediakan. Jalur untuk ke tengah lewat bawah.
Simpang Lima Gumul,Yesika Tania,4 hari lalu,5 bintang,"Bagus, nyaman, teduh sekali dan banyak tenda makanan, ada taman hiburan juga. Kalo malem kayaknya seru banget sih di sini"
Simpang Lima Gumul,Mutohar Setya,3 bulan lalu,5 bintang,"Kalau ke kediri belum mampir kesini berarti Anda belum ke kediri, yap betul nama nya Simpang Lima Gumul dg ada gedung bangunan klasik yg mirip dg The Arc de Triomphe yg ada diParis.. So kl kalian ke Kediri jgn lupa mampir ke SIMPANG LIMA GUMUL.."
Simpang Lima Gumul,Cipto Nugroho,4 bulan lalu,5 bintang,Salah satu ikon di kota kediri yang wajib dikunjungi..bangunannya megah..akses ke lokasi juga baik dan aman karena ada terowongan penghubung ke simpang lima sehingga tidak perlu menyeberangi jalan yang ramai..lebih enak mengunjunginya saat sore / malam biar tidak kepanasan ğŸ˜ â€¦
Simpang Lima Gumul,Eva Al Kiano Alivi,4 bulan lalu,4 bintang,Sebenarnya tempatnya enak nyaman buat anakÂ² tp utk wudhu dan sholat fasilitas blm ada .. mohon pengelola agar bisa menambah fasilitas ibadah
Simpang Lima Gumul,Fristian Fringz,3 bulan lalu,5 bintang,Tempat icon di kediri yg banyak di kenal dan ketahui org kediri dan sekitarnya...kalo ke kediri pasti mampir kesini....utk foto2 atau sekedar jalan2...
Simpang Lima Gumul,Tina 123,4 hari lalu,5 bintang,"Taman yg bagus untuk bersantai sambil lihat orang lewat, area yg luas cocok untuk tempat bermain anak,,,,"
Simpang Lima Gumul,Yulia Fithri,4 bulan lalu,5 bintang,"Miniatur kayak di paris xixixix.. pasahal di jawa timur aja.. anginnya kenceng, jd kalo pun panas masih bisa sejuk"
Simpang Lima Gumul,Dewi Sukowati,sebulan lalu,5 bintang,"Bagus banget tempat wisatanya, tapi sayang musolahnya kurang besar. Tapi worth it lah dengan htm gratis, cuma bayar parkir ajaa"
Simpang Lima Gumul,Eka Nona,2 bulan lalu,4 bintang,"Monumen di kota Kediri yang menyerupai Arc de Triomphe yg ada di Paris. Aksesnya mudah, ada area parkir yang luas sekaligus jalan terowongan untuk bisa ke bagian monumennya"
Simpang Lima Gumul,ara,2 bulan lalu,5 bintang,"Motoran Batu-Kediri.
Tempatnya oke, sepi karna jam kerja dan hari kerja.
Parkiran luas, lorong bersih, tidak coba toiletnya. â€¦"
Simpang Lima Gumul,Idfizati Rahmadhania,5 bulan lalu,5 bintang,"menghabiskan waktu saat weeknd disini sangat menyenangkan.. rame pengunjung, kuliner berbagai macam, spot foto sangat banyak"
Simpang Lima Gumul,Alifatun N. Faizza,3 bulan lalu,5 bintang,"Sooo excited to come here with my siblings.
Ini di sebelah pasar tugu yaa. Di tengah lapangan. Ada banyak wahana permainan, seperti bom bom car, kora-kora, ayunan, komedi putar, atv, kereta anak-anak, â€¦"
Simpang Lima Gumul,Eva Olenka,4 bulan lalu,5 bintang,"Tempatnya luas, anginnya kenceng banget ğŸ˜„,. Anak2 sangat senang karena bisa lari2an sesuka mereka, dibagian lain terdapat pusat jajanan banyak banget, makanannya macem2. â€¦"
Simpang Lima Gumul,mohamad yahya,2 minggu lalu,5 bintang,"Tempatnya menarik, di lorong tanah banyak foto foto jadul, didekat situ klo sore-malem juga banyak jualan  makanan"
Simpang Lima Gumul,Melanie Melisa,3 bulan lalu,5 bintang,Tempat yg menarik karena d jelaskan atau sejarah tercipta nya simpang lima yg dibawahnya terdapat foto foto sedangkan ketika naik keatas nya terdapat monumen nya jadi ketika masuk seperti d museum â€¦
Simpang Lima Gumul,Doni Suganda,6 hari lalu,5 bintang,"Spot bagus buat foto foto, JhiensoğŸ¤œâœ‹ â€¦"
Simpang Lima Gumul,fauzan malang_smile,sebulan lalu,5 bintang,"Pengalaman pertama tour of the Java with Sajuma, sayang sekali hujan makin lebat ketika sampai. Jadi tidak dapat di explore semua. Tugu simpang lima Gumul Kediri yg sangat ikonik."
Simpang Lima Gumul,Nita Dwi,sebulan lalu,5 bintang,"Tempat ternyaman di Kediri yang wajib dikunjungi, selain kita bisa masuk tugu simpang Lima gumul . Kita juga bisa berkeliling disekitar taman SLG yang banyak sekali pedagang baik makanan maupun minuman. Harganya pun ramah di kantong. â€¦"
Simpang Lima Gumul,yolan,2 bulan lalu,5 bintang,"Iconnya kediri dan banyak wisatawan yang berkunjung disini, ada tempat jajanan yang harganya murah dan bervariasi. Parkir mobil/motor murah dan tempatnya luas. Yang kebetulan melewati daerah sini bisa berkunjung"
Simpang Lima Gumul,Achmad Awaludin,4 minggu lalu,5 bintang,"Ikon paris van java di jatim ya di kediri ğŸ˜‚ğŸ˜
Parkir di T1 atau T2 nanti lewat underpass
Parkir mobil 5rb â€¦"
Simpang Lima Gumul,wahyu widyanto,2 bulan lalu,2 bintang,"Salah satu icon kab. Kediri , tapi sayang kelihatan sekali tidak terawat, kotor dan jalan sekitar area lampu2 jalannya mati atau memang sengaja dimatikan jadi gelap sekali"
Simpang Lima Gumul,D'shanty Shanty,6 bulan lalu,5 bintang,"Pertama kali kesini, penasaran krn sering liat foto  temen2 medsos sliweran.
Ternyata emang keren, gak kalah sama yg di Paris.
Iconic banget pokoknya. â€¦"
Simpang Lima Gumul,Graine Indra Artmetta,2 bulan lalu,5 bintang,"Kebetulan kesini waktu weekday jadi sepi
Tetapi keren sih, menjadi icon kota kediri nih"
Simpang Lima Gumul,Nadia Muna Salma,5 bulan lalu,5 bintang,"Letaknya kek di pinggir jalan gituuu.
Klo malem di sekitarnya lumayan banyak pedagangÂ² semacem angkringan gitu.
Cakep sih diliatÂ²"
Simpang Lima Gumul,Firdiya Rachma,4 bulan lalu,5 bintang,Ramai sekali saat malam.. cocok untuk bersantai dengan keluarga.. monumennya bagus sekali dan megah..
Simpang Lima Gumul,Deva Trianisya,6 hari lalu,5 bintang,Toilet cewenya rusak . Yg banyak malah toilet buat cowokğŸ˜Œ â€¦
Simpang Lima Gumul,Marsya TqReyna,3 bulan lalu,5 bintang,Tempatnya bagus nan luas. Kamar mandinya juga bersih. Ada musholla dan penjual jajan-jajan. Memang ikon kediri yang terkenal ğŸ‘ â€¦
Simpang Lima Gumul,Wiwit Yustiani,7 bulan lalu,5 bintang,"Ikon kota Kediri yang dari tahun ke tahun semakin cantik. Pertama ke tempat ini 13tahun yang lalu untuk sesi foto prewedding. Dan ke tempat ini lagi dengan anggota keluarga yang semakin bertambah, hehe. â€¦"
Simpang Lima Gumul,Gatut Budi Santoso,4 bulan lalu,5 bintang,"Tempat yang cocok untuk bersantai bersama keluarga, berolahraga dan berbagai aktifitas liburan lainnya"
Simpang Lima Gumul,Yulis Juwaidi,6 bulan lalu,5 bintang,Tempat megah dan bersih. Istemewa sebagai icon kota kediri yg kekinian. Orang gak perlu ke paris. Pengaturan dan tata jalannya keren. Rimbun banyak pepohonan disekitarnya. Menuju ke tigu lewat bawah tanah yg dipenuhi foto2 sejarah
Simpang Lima Gumul,ask Review,5 bulan lalu,5 bintang,"Bila ke kota Kediri harus mampir di Simpang Lima Gumul,
ico kota yang mirip dengan icon kota diluar negeri.. â€¦"
Simpang Lima Gumul,Alfonz,5 bulan lalu,5 bintang,"Pertama kali dolan ke tempat ini.
Prefer ke sini setelah jam 18 wib supaya hawanya adem dan bisa melihat lampu hiasan aksesoris dinyalakan semua. â€¦"
Simpang Lima Gumul,Ismi Nur fadhila andayani,5 bulan lalu,5 bintang,"Ramai banget kl akhir pekan, tempatnya luas bersih dan rekomended untuk bersantai di hari libur"
Simpang Lima Gumul,Ashadarklord,4 bulan lalu,5 bintang,"salah satu monumen ikonik di kediri, ga dianggep blm pernah ke kediri kalau belum pernah kesini â€¦"
Simpang Lima Gumul,Mario Sigit Anggara,4 bulan lalu,5 bintang,"Keren banget sih ini monumen.. tapi emang kurang cocok dateng siang hari.. panassss.. dan ini cuma monumen doang ya.. ya cocok buat foto doang..
Apalagi kemaren pas datang ke situ, pas lagi ada ujian pengangkatan perangkat desa.. parkiran penuh dipake semua.. jadi jauh parkirnya dan panas banget.."
Simpang Lima Gumul,Aryanata Andipradana,3 bulan lalu,5 bintang,"Tempatnya bersih, rapi, tiket cuma untuk parkir motor 2 ribu. Enak untuk melepas penat sejenak"
Simpang Lima Gumul,Nurul Kamajaya,6 bulan lalu,4 bintang,"Mobil plat luar kediri, langsung dicegat sama parkir liar. Diarahkan parkir pinggir jalan. Tau aja kalau mau ke SLG. Disebrangin sih. Tapi serem aja nyebrang jalan sebesar itu dengan kendaraan nggak ada yang pelan. Di monumen SLG bersih, â€¦"
Simpang Lima Gumul,ADIWARNA Channel,5 bulan lalu,5 bintang,"Tempat Liburan Gratis, Parkir Murah dan area nongkrong banyak banget. Pedagang tertata dengan rapi dan rame banget..."
Simpang Lima Gumul,Nur Khotimah,4 bulan lalu,5 bintang,"Area luas dan menyenangkan, kalau siang panas kalau malam penerangan sangat terang, untuk masuk cukup bayar parkir saja dan tiket parkirnya murah sekali
Untuk malam dibatasi sampai pukul 21.00"
Simpang Lima Gumul,Vincentia Atisomya,7 bulan lalu,4 bintang,"Monumen Simpang Lima Gumul atau Monumen SLG atau Tugu SLG adalah bangunan yang menjadi ikon kabupaten Kediri.
Monumen SLG mulai dibangun pada tahun 2003 dan diresmikan pada tahun 2008. â€¦"
Simpang Lima Gumul,Dwi Sunarko,3 bulan lalu,5 bintang,"Sudah lama tidak kesini,   biasanya cuma muterin aja ğŸ˜…, atau maenya ke  area kaki lima, pasar malm / tempat CFD.. â€¦"
Simpang Lima Gumul,Fridyla Juwita,4 bulan lalu,5 bintang,"Masih sama seperti dulu bagus menarik hiburan murah, parkir luas dan rute nya GK bungunginğŸ‘jalanya mudah di jangkau ada musola toilet pusat oleh2 lengkap dan sekarang udah ada sentra pedagang ny juga jd enak bisa ambil jajan sayang cm 1 prakiran yg dekat. Sentra pedagang yang lain jauh udah segitu ğŸ‘ğŸ‘ğŸ‘ keren â€¦"
Simpang Lima Gumul,Wieds Pakarsa,seminggu lalu,5 bintang,"Cocok untuk singah saat liburan di kota kediri
Rekomendasi"
Simpang Lima Gumul,Agnisotya,7 bulan lalu,5 bintang,"Sangat menyenangkan bisa kesisni
Tempat asyik bisa buat santai selfi ada kios oleh""juga
Aman bagi anak"", dan saat kita jalan diloronng disuguhnya literasi ttg wisata yg ada di kediri"
Simpang Lima Gumul,Bahrul Efendi,5 bulan lalu,5 bintang,Keren tempat bersih bgt klw udah sore malem ramai poll jd klw mau foto fokus lbh baik siang rekomend berlebih klw malam hari asik buat bersantai
Simpang Lima Gumul,PUTRI ANGGRAENI,sebulan lalu,5 bintang,"Bangunan unik, baguss
Cocok u rekreasi edukasi keluarga
Toilet masih kurang bila dibandingkan dengan pengunjung yg datang apalagi libur nasional"
Simpang Lima Gumul,EL Fira,3 bulan lalu,5 bintang,"Tempatnya bersih dan aman buat anak2. Kalau kesini  enak sore  atau malam karena view nya bagus dan teduh. Kesini pas sore dan habis hujan tambah sejuk,minusnya ga ada orang jualan di sekitar tugu,jadi harus nyebrang ke parkiran dulu. Parkirnya gratis,masuk nya juga gratis."
Simpang Lima Gumul,Desi Kurniawati,sebulan lalu,5 bintang,"Semakin gerimis semakin syahdu
Mungkin perlu perbaikan area tangga saja. terlihat tidak terawat."
Simpang Lima Gumul,Inggih Gienez,2 minggu lalu,5 bintang,"Alhamdulillah bisa mampir ke simpang lima gumul, asal dari Karawang jawabarat"
Simpang Lima Gumul,Imago Media,4 bulan lalu,4 bintang,Icon kabupaten Kediri. Tempat berkumpul dengan lapangan parkir luas dan dukungan UMKM kuliner yang mantabbbbb....
Simpang Lima Gumul,Septin Wulandari85,4 bulan lalu,4 bintang,"tempat refresing yg hadeeemmm apalagi d sore hari,,dlengkapi pemandangan yg apik dan ada jg tempat makan di area parkir...sedikit yg perlu d benahi, kebersihan toilet nya kurang...next pengen liat toilet yg wangi d area ini"
Simpang Lima Gumul,Dessy Anggraeny,7 bulan lalu,4 bintang,"kalau mau kesini mending pagi atau malam karna kalau siang panas banget dan rame, untuk parkir ada di sebrang simpang lima khusus parkiran. parkirannya luas banget ada banyak tenant2 orang jualan makanan maupun minuman, â€¦"
Simpang Lima Gumul,Febrioka M Riza,3 bulan lalu,5 bintang,"Iconic Kediri, kalo ke kediri kurang afdol kalau g foto disini, sangat ramai jika di waktuÂ² weekend, d tengah monumen ada toko olehÂ², namun sepeda gowes tidak diperkenankan naik ke area monumen, hanya boleh sampai trotoarnya aja"
Simpang Lima Gumul,Boo's Dream Toys,10 bulan lalu,4 bintang,Tempat refreshing di tengah hiruk pikuk kota yang tidak terlalu banyak kendaraan yang lewat. Ketika saya buat duduk duduk di bangku yg disediakan menjadikan diri menjadi relax. Membawa keluarga sambil nyemil dan duduk santai bisa dinikmati â€¦
Simpang Lima Gumul,Terong Peyott,3 minggu lalu,5 bintang,"rame banget kalo libur lebaran, tapi tetep kondusif lurd enak ada streetfoodnya juga"
Simpang Lima Gumul,Agus Fs86,4 bulan lalu,5 bintang,"Tempatnya bagus banget..
Jalannya udah kayak di luar negeri ajağŸ‘ â€¦"
Simpang Lima Gumul,Fathan Muwahid,6 bulan lalu,5 bintang,"Di mr bob ini kualitas speaking saya meningkat dan tentunya lebih pede lagi.
Sesuai dengan moto mr. Bob superrr seruuuuu pastinya ya super seru teman temannya banyak punya tutor yang asyik banget suasana kelasnya nyaman, tempat strategis, gedungnya luas, kamar mandi nya bersih. Pokoknya  mantap kalian semua wajib cobağŸ”¥ â€¦"
Simpang Lima Gumul,Koen Sopo,2 bulan lalu,4 bintang,Bagus buat spot foto2.. bangunannya mengagumkan.. Kediri Indonesia punya..
Simpang Lima Gumul,Senita Aulia,4 bulan lalu,5 bintang,"kesini pas libur panjang, beuhh rameee bangettğŸ˜„ tp gpp aku seneng dah kesini karna baru pertama kali ke kediriğŸ˜† dan tempatnya bersih karna yang jualan makanan minuman ada tempatnya sendiri + warga taat kebersihan buat gk buang sampah sembarangan â€¦"
Simpang Lima Gumul,Nayl Arya,3 bulan lalu,5 bintang,"Tempat asik buat jalan2 sore,spot fotonyg asik,juga berbagai jajan kuliner tersedia disana"
Simpang Lima Gumul,Ferlin Sagita,3 bulan lalu,5 bintang,"Weekend pasti rame,banyak yg jual makanan,tinggal pilih aja,paling enak klo ksni waktu pagi,hawanya sejuk"
Simpang Lima Gumul,Mia Mila Rizki,8 bulan lalu,5 bintang,"Icon kota Kediri nih. Si kota Tahu.
SLG tetap keren dan bersih.
Nggak ada tiket masuk. Hanya bayar parkir. â€¦"
Simpang Lima Gumul,Sar Nam,4 bulan lalu,5 bintang,"Indah sekali sebagai pemandangan kota. Ikon kota kediri, luar biasa, mari liburan maun kesini"
Simpang Lima Gumul,Ela Tasik,5 bulan lalu,5 bintang,Bagus banget terjaga kebersihannya juga mantapp lahğŸ‘ğŸ˜ â€¦
Simpang Lima Gumul,Resha Pratama Nugroho,2 minggu lalu,4 bintang,"Tempatnya instagrammable ğŸ˜
Kalo malem rame disini, cocok buat nongki ğŸ˜ â€¦"
Simpang Lima Gumul,Yakin Bibit Buah,4 minggu lalu,5 bintang,"Cocok untuk bersaintai bersama keluarga,
Fasilitas lengkap area parkir luas, jajanan tradisional, makanan dan minuman lengkap"
Simpang Lima Gumul,Abdur Rohman,2 minggu lalu,4 bintang,Tempat rekreasi keluarga yg rekomended...tidak ada retribusi.cuma bayar parkir
Simpang Lima Gumul,Mitha Silvia Yuhanata,8 bulan lalu,5 bintang,"Sebelum masuk kesini lebih baik ke pasarnya dulu buat sekedar beli camilan. Karena kalau sudah masuk ke arenanya gak ada penjual sama sekali dan pasti malas kalau harus bolak-balik. Tempatnya luas, tapi sayang di sekelilingnya yang deket jalan raya gak ada pagar pembatas yang aman. Cuma ada rantai yang digantung aja."
Simpang Lima Gumul,Rudianto,setahun lalu,5 bintang,"Ini adalah tempat yang sangat asyik dan nyaman buat mencari hiburan/rekreasi. Anda bisa mengunjunginya pagi, siang, sore atapun malam hari. Dan yang paling ramai adalah pada malam hari terlebih pada akhir pekan/hari libur nasional. â€¦"
Simpang Lima Gumul,Anis Kholifah,4 bulan lalu,4 bintang,"Tempat nya bersih ,,anginnya sepoi sepoi kadang juga kencang,,tapi lumayan oke buat momong anak bersama keluarga besar hehehe tp kalau dipinggir monumen,, sedangkan kalau di agak menengah agak panas karena langsung kena terik matahari"
Simpang Lima Gumul,Choirul Budiono,8 bulan lalu,5 bintang,Seru. Bisa duduk-duduk diatas rumput sambil bercengkrama sama teman ditemani makan jalanan. Beli makannya bukan di tugunya. Kamu harus lewat pintu T2. Lewat sana terus baru nnti kamu bakalan ketemu penjual-penjualan makanan. Disana banyak â€¦
Simpang Lima Gumul,Febri Kusuma Hati,4 bulan lalu,4 bintang,"Merupakan salah satu daya tarik dari kota Kediri saat saya berkunjung kesana, bisa dijadikan spot foto yang bagus, sayangnya kebersihannya masih kurang"
Simpang Lima Gumul,risa sani,7 bulan lalu,5 bintang,"Dekat sama pasar malam jadi kalau mau kuliner, naik kuda ataupun Nyenengin Bocil cocok sekali Krn banyak wahana permainan. Parkir mobil dan bus luas sekali. Toiletnya agak kurang nyaman menurut saya."
Simpang Lima Gumul,Sanita Sisilia,4 bulan lalu,4 bintang,"Tempatnya oke kalo di. Liat dri jalan. Benteng besar mewah dgn lampu kuning tapi pas di dalam halamannya keliatan bangunannya kurang terawat banyak di buat sarang burung cat agak menggelupas, pas kesana temenin keluarga tante berkunjung â€¦"
Simpang Lima Gumul,Febrian Bagas Charismanto,11 bulan lalu,3 bintang,"Bisa masukan dari tempat parkiran dari ruang bawah tanah. Biaya parkir 2000 rupiah. Pemandangannya bagus, ada ukiran dan patung di slg. Dekat dengan pasar malam juga. Salah satu icon kota kediri. Tapi banyak burung yang suka buang kotoran, jadi tempatnya agak kotor. Ruang umkm, info pariwisata juga tutup. Kurang terawat."
Simpang Lima Gumul,noverita kartika,8 bulan lalu,5 bintang,Di bagian sebelah parkir kalau malam ada pasar malamnya..cocok buat yang mau kulineran..didalam bangunannya juga ada toilet dan toko kecil.kalau habis selalu mampir buat foto kalau lewat sini...view nya bagus banget...siang atau malem tetep bagus..
Simpang Lima Gumul,Nurul maa,4 bulan lalu,5 bintang,"Kesini sore hari pas weekend, wkwkwkk fulll gaissss parkiran sampe ditolak karna penuh. Rame bangettttğŸ˜ â€¦"
Simpang Lima Gumul,fathul amin didik nugroho,5 bulan lalu,5 bintang,Bangunan besar dan megah..sebagai Land mark kota kediri...tempat nongkrong anak2 muda..agak jauh dari keramaian..karena terletak di jalur kendaraan2 besar dan cepat. Sehingga tidak cocok buat anak kecil.
Simpang Lima Gumul,Irni Puspita,4 bulan lalu,3 bintang,"Ramai sekali, karena sy kurang suka wisata yg terlalu ramai. Jd kurang ok. Tp desain ini mirip dengan Arc de Triompe yang berada di Paris."
Simpang Lima Gumul,rulliana Koplak,11 bulan lalu,5 bintang,"Tempat nyaman, tidak ada yang jualan jadi tempat bersih
Kalau kesini bawa makanan atau minuman karena kalau malam tidak ada penjual disekitar. â€¦"
Simpang Lima Gumul,Bayu Sasono Pak RT official,2 minggu lalu,5 bintang,"Nyaman, luas, akses mudah, parkir luas.
Cocok untuk santai dan ramah anak"
Simpang Lima Gumul,Rina Wati,6 bulan lalu,5 bintang,"Tempat yang unik sebagai ikon kota Kediri. Ada yang jual oleh oleh juga disini. Masuknya lewat terowongan bawah, kalian bisa melihat foto-foto tempat wisata di daerah kediri."
Simpang Lima Gumul,Moh Afifudin,2 minggu lalu,5 bintang,"selesai halal bihalal di NGANJUK,sembari pulang ada yg request ke SLG,......tak pakai lama langsung aja meluncur,-/+ 1,5 jam dari nganjuk ahirnya nyampai juga,bersama seluruh sanak saudara hilangkan penat,semua tumpah ruah di depan ikon â€¦"
Simpang Lima Gumul,Ijal,9 bulan lalu,4 bintang,"Bangunan yang mirip dengan bangunan di paris ini mampu memikat hati wisatawan untuk mampir disini. Sayang sekali kurang ada perawatan, toilet rusak, kotor nggak terawat, pusat informasi kosong. Tempat parkir luas tapi kalo weekend bisa penuh"
Simpang Lima Gumul,Rilando Bayasud,8 bulan lalu,5 bintang,"Cocok untuk healing.
Salah satu daya tarik wisata di kota kediri.
Hal ini menyebabkan ramai banyak wisatawan berkunjung. â€¦"
Simpang Lima Gumul,Dody Indra,3 minggu lalu,3 bintang,Nyampe sini pas malam dan kebetulan lampu sudah di matikan. Sayang sekali.. padahal kalo pas lampu nyala ini tempat keren sekali
Simpang Lima Gumul,Nur Cahyadi,2 bulan lalu,5 bintang,Sudah lama dan sering lewat tapi baru bisa istirahat dan menikmati spot disini. Tempat yang sangat eksotik.
Simpang Lima Gumul,Khurun Ain,sebulan lalu,5 bintang,"Kenangan d sini tdk pernah terlupa, kembali ke sini, setelah 4th. Kefiri mkin baik"
Simpang Lima Gumul,Shirley Pangestu,3 bulan lalu,4 bintang,Iconnya kota kediri.... Bisa foto2 dr ke 4 sisinya.... Jd dr parkiran qta lewat lorong bawah tanah gtu untuk ke monumennya....
Simpang Lima Gumul,Allan Muverta,5 bulan lalu,5 bintang,Semakin kesini semakin banyak tersedia jajanan makanan dan tentunya dengan harga yang wajar
Simpang Lima Gumul,Ike Nurhayati,10 bulan lalu,5 bintang,"Cocok buat jogging, sepedahan, pake sepatu roda. Tempatnya familiable, cocok buat meet up sama teman. Ada taman bermain juga cocok buat anak-anak. Aku suka ke SLG soalnya masuknya gratis. Wkwkw cuman bayar parkir sih mungkin, tapi â€¦"
Simpang Lima Gumul,Heri Prasetio,sebulan lalu,4 bintang,"Landmark kota Kediri
Perpaduan kemegahan, keindahan dan keasrian. Mantap"
Simpang Lima Gumul,pram hariadi,9 bulan lalu,5 bintang,"Kelihatan kecil di gambar, tapi begitu dikunjungi ternyata sangat besar. Datang pas malam hari, viewnya menggetarkan!!! Bagi yang tidak tahu mungkin dikira di luar negeri. Parkiran luas, mobil 5rb.tutup jam 9 malam. Ada terowongan under ground dari tempat parkir menuju area monumen, toko souvenir di dalam monumen."
Simpang Lima Gumul,Warra Mahardhika,4 bulan lalu,5 bintang,Sebaiknya kesini pagi atau sore hari agar terhindar dari cuaca panas
Simpang Lima Gumul,Fajar Nugraha,4 bulan lalu,5 bintang,"Jalan besar, belajar sejarah, ada tembusan dari parkir ke gedung simpang lima"
Simpang Lima Gumul,silvia yuni,4 bulan lalu,5 bintang,"Tempatnya bagus bersih juga,asik buat fto2ğŸ˜Š â€¦"
Simpang Lima Gumul,NUB PROJECT,6 bulan lalu,4 bintang,"belum afdol liburan di kediri kalo nggak mampir kesini. minimal foto bentar ğŸ˜
area terbuka cukup luas. cocok buat santai bareng keluarga. tinggal bawa tikar sendiri biar lebih nyaman. â€¦"
Simpang Lima Gumul,didikhar 73,4 bulan lalu,5 bintang,"Sekarang masuk gumul hanya bayar karcis masuk motornya saja 2000, pas kemarin taon baru 2024. Semakin murahğŸ˜ğŸ’ªğŸ’ª â€¦"
Simpang Lima Gumul,Saiful Bahri,4 bulan lalu,5 bintang,Tempatnya memang bagus cuman saja view foto nya terbatas
Simpang Lima Gumul,Arum Saja,10 bulan lalu,5 bintang,"Masuk ke sini parkir mobil bayar 5 ribu rupiah. .
Lalu kita masuk ke terowongan. .sampai ke tengah monumen nya. .
Dapat parkir yg arah Pare karna yg lain sdh penuh. . â€¦"
Simpang Lima Gumul,Noob 403,6 bulan lalu,5 bintang,"Spot foto nya bagus, halaman & parkiran nya luas, cuman sedikit saran saja, kamar mandi di tambah & tempah ibadah nya kurang besar, seperti contoh mushollah..."
Simpang Lima Gumul,achmad saifullah,5 bulan lalu,5 bintang,"Tempat ngopi dgn metode pembuatan yg unik,, sambil nunggu menu kita jadi kita bisa liat MasÂ² barista nya nyuguhin kesruan
bikin menu kita ^_^ KoJa ternyata singkatan dr Kopi Jalanan,. Harga kaki lima, nyuguhin keseruan bintang lima ğŸ‘ğŸ‘ â€¦"
Simpang Lima Gumul,ian suhendra,setahun lalu,5 bintang,Ini tempat paling hits dan terkenal di Kota Kediri. Bangunan yang mirip dengan arc de triomphe paris ini sudah menjadi ikon dan landmark utama dari kota Kediri. â€¦
Simpang Lima Gumul,Deva Yogi,10 bulan lalu,5 bintang,"Ketika ada event,hari biasa ataupun hari libur tetap oke.berkunjung jam 11-12 malam terasa lebih tenang udara yang dingin semakin terasa.jika berkunjung jam malam motor bisa mendekat ke monumen."
Simpang Lima Gumul,Pius Yusanjaya,seminggu lalu,4 bintang,"Simpang Lima gumul adalah taman wisata yang berbentuk seperti benteng , paling enak foto disaat matahari akan terbenam atau habis subuh sekalian , sebab kalo siang sangat panas cuacanya ."
Simpang Lima Gumul,Bal Mond,2 minggu lalu,4 bintang,"gumul sangat estetik dan banyak di kunjungi tapi sayang sampah dimana2 di tanaman di sekitar bnyk yang buang sampah sembarangan tolong jaga keberdihan demi keunikan dan keindahn gumul,jujur paling benci melihat orang berkunjung buang sampah â€¦"
Simpang Lima Gumul,Farrid randulawang,2 hari lalu,5 bintang,"persimpangan jalan raya yang berada antara 5 simpang jalan ada sebuah monumen ataupun bangunan ikonik daerah, sangat artistik dan estetika luar biasa. Tempat yang bersih dan nyaman ramah buat keluarga dan sanak famili."
Simpang Lima Gumul,Erfan Firozi,5 bulan lalu,4 bintang,"Icon kota kediri yg wajib disinggahi jika kesini.
Dari tempat parkir ke monumen bisa lewat terowongan krn lebih aman drpd nyebrang"
Simpang Lima Gumul,Cris Tanto,4 bulan lalu,5 bintang,Tempat spot foto bentuk kerajaan romawiyang terkenal di kediri
Simpang Lima Gumul,Si Iman,4 bulan lalu,5 bintang,Tempatnya enak buat jalanÂ² bareng keluarga
Simpang Lima Gumul,Bagus Oka,10 bulan lalu,5 bintang,Jalan-jalan ke Kediri tidak lengkap kalau tidak ke simpang lima gumul. Untuk berwisata ke monumen ini kita bisa parkir di tempat parkir yang telah disediakan. Tarif parkir 5rb dan tidak dikenakan biaya untuk tiap individu. Untuk menuju â€¦
Simpang Lima Gumul,Sherly Pr,6 bulan lalu,5 bintang,"Kesini pas siang jam 2 hari minggu. Ramai tapi masih dapat spot untuk duduk. Tiket masuk gratis, hanya bayar parkir (mobil 5ribu) â€¦"
Simpang Lima Gumul,Kiky putrieny,4 bulan lalu,5 bintang,"Bagus banget, nyaman ada tempat jajan sendiri ğŸ˜ â€¦"
Simpang Lima Gumul,Zulfa Asyahir,5 bulan lalu,5 bintang,"Buat nongkrong murah meriah asik..
Kalau ke Kediri, harus foto disini... iconik banget. Kalau siang, enggak panas karena bentuk konstruksinya bikin kita selalu tertiup angin, jadi adem. Kalau â€¦"
Simpang Lima Gumul,Hobi Apa saja,2 bulan lalu,5 bintang,Tempat yang nyaman bersih dan nyaman untuk liburan bersama keluarga
Simpang Lima Gumul,Leres Shafa Azzahra,4 bulan lalu,5 bintang,"seruu lewatin terowongan bawah tanah, untuk street foodnya lebih seru di malam hari karena penjualnya lebih ramai saat malam hari"
Simpang Lima Gumul,Vrila,4 bulan lalu,5 bintang,"Simpang Lima gumul Kediri ini terletak di pinggir jln, unt memasuki tempat ini kita bisa melewati dari area parkir menuju lorong bawah tanah yg langsung keatas menuju gumul tsb. Di lorong terdapat beberapa gambar/foto sejarah tentang â€¦"
Simpang Lima Gumul,FUAD NL,6 bulan lalu,4 bintang,"bagus, tertata, orang yang berkunjung ke area monumen tanpa harus menyeberang jalan raya karena ada lorong bawah jalan untuk akses ke monumen dari parkiran, hanya saja mushola yang disediakan kurang luas"
Simpang Lima Gumul,Bu Lela,4 bulan lalu,5 bintang,Temlat wisata hemat... Anak2 suka berlarian krn sangat luas
Simpang Lima Gumul,Berkah Niaga Indonesia,4 bulan lalu,5 bintang,"Kalau mau mudik kurang lengkap.kalau blm lewat sini...suasananya adem, tempatnya asri & selalu mengingatkan sebuah bangunan terkenal.nun jauh disana..."
Simpang Lima Gumul,Sugeng Triana,2 bulan lalu,5 bintang,"Tempatnya rame pada akhir pekan.
Jam malam berkunjung dibatasi.
Area bersih."
Simpang Lima Gumul,pungki nugroho,setahun lalu,5 bintang,"salah satu landmark di kediri, agak jauh dr pusat kota,
untuk masuk ada parkir disebrang jalan, masuk lewat underpass.
parkir bayar 2000 â€¦"
Simpang Lima Gumul,Aninda Rahma Astrina,2 bulan lalu,5 bintang,"Harus foto2 sih klo ksnii, jgn lupa mampir ke pasar jajan umkm dsnaa"
Simpang Lima Gumul,MUSFIYA KARIMATUL UMMAH_099_5C MUSFIYA,4 hari lalu,5 bintang,"Sangat memuaskan,pelayanannya bagus gercep dan ramah,tempatnya juga nyaman luas dan bersih,mienya enakk poll manteb pedesnya minumannya juga banyak varian yang enak2,bikin nagih pokonyağŸ˜Š â€¦"
Simpang Lima Gumul,Ahmad Komarudin,7 bulan lalu,5 bintang,"tempat paling ikonik di kediri. bagus buat foto-foto. tempatnya relatif bersih n terawat. pas saya datang ada pasar malam, jadi rame banget yg jualan di sekitarnya. foto2 di lorong bawah tanahnya akan lebih bagus klo dipajang yg ukuran lebih besar dan desain yg menarik."
Simpang Lima Gumul,Grace Kristiani Salim Suryoputro,seminggu lalu,5 bintang,Tempatnya di cukup luas bisa menampung banyak orang. Bagus buat sekedar istirahat dari kejenuhan. Cukup nyaman buat keluarga dan mayan buat foto-foto
Simpang Lima Gumul,Wastari Arie,5 bulan lalu,5 bintang,Tempat yang enak buat nongkrong weekend tempat bersih
Simpang Lima Gumul,Puspa Rahayu,2 minggu lalu,5 bintang,"simpanglima adalah obyek icon wisata di siang dan malam hari
juga bisa untuk olahraga setiap pagi harinya"
Simpang Lima Gumul,Aries Mufaida,7 bulan lalu,5 bintang,"Uisis disini, pas menuju kesini panas tp pas udh di Gumulnya uisis
Meski panas diluar, tp dibuat foto hasilnya bagus"
Simpang Lima Gumul,natalia widayati,11 bulan lalu,5 bintang,"Tempat yang asyik menarik buat nongkrong sore santai bareang keluarga atau teman, pacar. Bebas pedagang keliling jadi nyaman buat ngobrol sambil selfie karena spot foto disana menarik dan cantik. Lokasi diatas terasa angin semribit seger. Lepas lelah di simpang lima gumul asyik banget ya Gaess."
Simpang Lima Gumul,Jarang Libur,7 bulan lalu,5 bintang,"Landmark kediri, yang konon di ciptakan karena mandat salah satu raja kediri dimasa lalu,
Kondisinya cukup terawat dengan baik, dari parkiran berjalan lewat trowongan mengarah ke pusat bangunan.."
Simpang Lima Gumul,Puti Febri2810,11 bulan lalu,5 bintang,"Ini kali kedua saya ke gumul. Yang pertama karena saya nonton konser disna dan kali ini saya akhirnya bisa melihat dgn jelas bangunan terkenal di kediri ini. Tidak perlu bingung ingin turun dimana, mengingat tmpt ini berlokasi di cetral â€¦"
Simpang Lima Gumul,ivin karisma,setahun lalu,5 bintang,"Tempat wisata ikon kota kediri yang sungguh good place. Kawasan food nya sangat luas, banyak, ramai dengan ratusan macam makanan juga cemilan. This my higher rate from me cause this place bersih bgt gumulnya, ramai juga seru aja dudukÂ² â€¦"
Simpang Lima Gumul,Fidya Oktaviani,3 bulan lalu,5 bintang,"Datang jam 10 pagi, masih sepÃ­ tapi enak buat selfi karena masij blm banyak yg datang"
Simpang Lima Gumul,MZ â€œMas muhâ€ Djakawidada,2 minggu lalu,5 bintang,"malam Minggu pengunjung cukup biasanya, tua muda laki perempuan duduk duduk santai berjalan kaki keliling poto2 an sesama generasi muda"
Simpang Lima Gumul,Alifia Nurma,setahun lalu,5 bintang,"Tempat yang cukup ramai dan hits di Kediri. Letaknya memang bukan di kota tetapi bangunan SLG cukup iconic di daerah ini.
Sekilas, bangunannya memang hampir mirip dengan Arc de Triomphe nya Paris. Jadi, â€¦"
Simpang Lima Gumul,Mas Day,seminggu lalu,5 bintang,"Tempat terbaik untuk melepas penat, banyak berbagai macam kuliner tersedia. Aku hampir tiap minggu kesana, walaupun tempat tinggalku di jombang. Rekomended banget pokoknya."
Simpang Lima Gumul,Najib Irfany,4 bulan lalu,5 bintang,"Lumayan rame di tgl 1 januari. Wisata murah meriah, yg bisa dijangkau semua lapisan masyarakat"
Simpang Lima Gumul,Muhammad Rizky,seminggu lalu,5 bintang,Tempat nya bagus dan nyaman
Simpang Lima Gumul,Heri Ilhamsah,sebulan lalu,3 bintang,"Petugas parkir bergaya prema sok jagoan semena-mena harusnya segera di tertibkan, harga parkir yg tidak jelas dan tidak tertera di karcisnya sangat rawan pungli.... Sudah kesekian kalinya tarif parkir dimainkan seenaknya oleh petugas parkir â€¦"
Simpang Lima Gumul,Adji Laks,3 minggu lalu,5 bintang,"Tempat bagus untuk spot foto, sayang tidak dikelola secara maksimal, sehinggai beberapa tidak terawat. Harusnya di menara nya bisa dipasang teleskop untuk melihat view kediri dan untuk naik kesana harus berbayar, sehingga dana yang masuk bisa dipakai untuk pemeliharaan."
Simpang Lima Gumul,Rendi Hermawan,3 minggu lalu,5 bintang,Ramai disore hari. Ada jalan lorong dibawah jalan raya
Simpang Lima Gumul,Arini Sustiningrum,4 bulan lalu,2 bintang,"Tempat ternyaman buat hiburan keluarga gratis juga bersih dan indah.Pulang pun bisa belanja oleh-oleh,Kulinerpun lengkap.Benar-benar posisi strategis tuk ampiran dari bepergian.Kediri memang OkğŸ‘ â€¦"
Simpang Lima Gumul,Rico F (Jihantaji),setahun lalu,5 bintang,"Parkir cukup 2k udah bisa menikmati pemandangan d bawah monumen simpang lima gumulğŸ’šğŸƒğŸ¥°
Suka tempat ini udh dr perawan smpek skrg udah nikah dn punya anak. Emang cocok â€¦"
Simpang Lima Gumul,Irpan Ibnu,sebulan lalu,5 bintang,Tempat berkumpul teman dan keluarga yang enak dan suasana rame
Simpang Lima Gumul,Nopik Mustafa,7 bulan lalu,5 bintang,"Icon kebangaaan kota gudang garam ini,keren kalau mlm hari ,ada ruang bawah tanah yg sangat besar yg menghubungkan ke pusat jajanan mlmğŸ‘ğŸ‘ğŸ‘ â€¦"
Simpang Lima Gumul,Agustina,5 bulan lalu,5 bintang,Tempat iconic yang cukup unik dan bagus. Banyak spot untuk foto atau sekedar nongkrong bareng teman dan keluarga.
Simpang Lima Gumul,Teguh Ari Prabowo,9 bulan lalu,5 bintang,Tempatnya tenang dan cocok untuk joging pagi hari saat jam kerja karena sepi. Ada trowongan bawah tanah sebenarnya yang ada cerita sejarah cuman pas kesana tutup.
Simpang Lima Gumul,Dewi Kusuma,4 bulan lalu,4 bintang,"Sudah dua kali ke Kediri, selalu mampir, walaupun sebentar."
Simpang Lima Gumul,#mrandmrsguntur,11 bulan lalu,5 bintang,Untuk ketiga kalinya saya melipir ke SLG ini. Dan selalu senang. Kena angin semilir disini membuat betah. Cocok kl pagi hari atau sore hari. Karena tidak terlalu panas. â€¦
Simpang Lima Gumul,Evha zuka zuka,9 bulan lalu,4 bintang,"Tempatx ini masuk gratis, bayar parkir z,ni tugu di kediri jadi dy di atas gtu, masukx lewat terowongan, seru sih di sisi kiri kanan banyak poto2 sejarah ttg kediri, â€¦"
Simpang Lima Gumul,Zymponic Hydrosystem,4 bulan lalu,4 bintang,"Kalo sudah di Kediri, baru lengkap kalo sdh mengunjungi Monumen ini. Panas, ramai, tapi terpuaskan."
Simpang Lima Gumul,Ibnu Ghofar,2 minggu lalu,5 bintang,Tempat yg enak untuk piknik dan berfotoÂ²
Simpang Lima Gumul,Yellowcat,2 minggu lalu,5 bintang,"Sudah lama gak kesini walau orang Kediri asli kapan kapan kesini lagi tombo kangen masa kecil sering kemari ğŸ¥°
#kediriasik â€¦"
Simpang Lima Gumul,Sri Wahyuni,setahun lalu,5 bintang,Simpang Lima Gumul menjadi salah icon Kediri yang menjadi daya tarik wisatawan yang berkunjung ke Kediri. Letaknya yang berada di Kota dan memiliki tempat parkir sesuai arah mana kita berada. Dan menuju Simpang Lima Gumul kita dari parkir â€¦
Simpang Lima Gumul,Nurul Wahyuni,7 bulan lalu,4 bintang,"SLG tempatnya luas. Banyak spot yang bagus untuk diambil gambarnya/berfoto. Tersedia berbagai macam kedai makanan dan minuman, dan aneka permainan. Pokoknya seru buat semua usia. Mulai anak kecil sampai dewasa."
Simpang Lima Gumul,Arlinda Novidya,3 bulan lalu,5 bintang,"Dekat dengan hotel kita saat berkunjung ke Kediri

Sayang toiletnya terbatas"
Simpang Lima Gumul,Nana reYna TOYOTA,3 bulan lalu,5 bintang,Salah satu destinasi wisata wajib jika datang ke Kediri...cukup bayar parkir ajja...tapi ingat!!! Buang Sampah Pada Tempatnya
Simpang Lima Gumul,Mohammad Imam Santoso,sebulan lalu,3 bintang,"Acara ramai, tapi Krn lokasi yg luas maka pedagang dan pengunjung kurang tertata, parkir dll...termasuk kesadaran buang sampah para pengunjung yg kurang sehingga ""ada"" sampah plastik, semoga kedepan lebih tertata"
Simpang Lima Gumul,Ike Dwi Lestari,11 bulan lalu,5 bintang,"Sebuah bangunan bersejarah dan ikon bagi masyarakat Kediri. Kesini bagus banget pas sunset. Dengan kemegahan bangunan dan suasana sunset yang syahdu, masya Allah. Recommend banget buat bersantai ama keluarga, temen, atau pasangan. Untuk view malam juga lebih bagus"
Simpang Lima Gumul,Larin,setahun lalu,5 bintang,"Di simpang lima ini jalannya bener2 luas, view nya bagus. Untuk pejalan kaki jangan langsung nyebrang dari simpang jalan karena kendaraan yg lewat cepat dan memang bukan tempat untuk menyebrang. Ada akses khusus ke gumul yg lokasinya ada di â€¦"
Simpang Lima Gumul,Very Ferdiansyah,6 hari lalu,5 bintang,Bagus tpi untuk parkiran mobil dr luar kota agak bingung soalnya tidak semua di buka dan tidak ada tandanya d pinggir jalan
Simpang Lima Gumul,Septia Nor Cahyani,6 bulan lalu,5 bintang,Cocok buat yang mau wisata murah dan nyaman. Tinggal bayar Rp.2000 untuk parkir kendaraan bermotor.
Simpang Lima Gumul,Mh Badrut Tamam,4 bulan lalu,5 bintang,Salah satu icon di kota kediri. Di sekitarnya juga disediakan jualan dan souvenir
Simpang Lima Gumul,Bryan Alfu,4 bulan lalu,5 bintang,Belum ke kediri kalau belum ke monumen simpang lima gumul ini. Salah satu tempat icon kediri. Dan disekitar gumul ada tempat makanan juga oleh2
Simpang Lima Gumul,ayu sukma,6 hari lalu,5 bintang,"Bagus lokasinya, tempat strategis dan makin banyak event publik di sana. Semoga tambah ramai dan ekonomi di Kediri makin meningkat serta rakyat ikut sejahtera"
Simpang Lima Gumul,Lu'lu'il Maknun,10 bulan lalu,5 bintang,"Enak Bung
Ada ruang bawah tanahnya
Di sekitar Gumul juga ada rerumputan buat jadi tempat makan-makan â€¦"
Simpang Lima Gumul,Rosemarie Jr,4 bulan lalu,4 bintang,"Bagus, bersih

Mungkin perlu diperbanyak kamar mandi dan liftnya dioperasikan"
Simpang Lima Gumul,nisa mawardi (å€ªæ²™),setahun lalu,5 bintang,"Tempat nongkrong kaum muda tua anak2,kalau siang hari panas,enak datang sore hari sambil jajan aneka kuliner yg mumer dan enak juga sich, dari parkiran klo mau ke tugu nya lewat terowongan jadi ga repot nyeberang jalan, pokoknya yg mau â€¦"
Simpang Lima Gumul,GATOT SARWOKO,7 bulan lalu,5 bintang,"Tempat parkir luas dan beberapa tempat, toilet banyak masuk gratis, hanya bayar parkir rp2000, taman luas dan aman, ..."
Simpang Lima Gumul,Achmad Zidan Choirul Atok,6 bulan lalu,5 bintang,"monumen kebanggaan warga Kabupaten Kediri, cocok untuk bersantai sore dan malam hari di sekitar monumen, ketika pagi cocok untuk jogging di sekeliling SLG, tersedia taman di area SLG yang cocok juga untuk berkumpul dan bersantai bersama â€¦"
Simpang Lima Gumul,aning kusuma,2 bulan lalu,5 bintang,"Keren, tempat bersih, susah cari parkir dkt sini kalau roda 4"
Simpang Lima Gumul,victorstories,sebulan lalu,5 bintang,"Tempat iconic di Kediri, selalu dilewati saat pulang ke Nganjuk.."
Simpang Lima Gumul,Amaliya Wiwit,2 minggu lalu,4 bintang,Bisa wisata kuliner duduk santai ditaman cukup menyenangkan
Simpang Lima Gumul,raden kamandanu mubin,6 bulan lalu,5 bintang,"Cocok utk anak2 sekolah,keluarga ,teman dll"
Simpang Lima Gumul,Vindi Fitriana,6 bulan lalu,5 bintang,"Simpang lima gumul yang terletak di Kediri ini memiliki bangunan tinggi dan pelataran halaman yang cukup luas. Di sisi kiri terlihat tulisan Kediri dan sisi kanan terdapat tulisan lagi. Sayangnya waktu kesana dilarang masuk. Jadi enggak bisa explore
di dalamnya."
Simpang Lima Gumul,alfiyanti salim,2 bulan lalu,5 bintang,"tempat nya luas nyaman buat kumpul kumpul.
Terdapat tempat parkir bawah tanah. Yang nantinya menuju ke monumen simpang lima gumul. â€¦"
Simpang Lima Gumul,TALENTA 7 Transport & Tour JOGJA,seminggu lalu,5 bintang,"Nyaman utk berfoto2...
Di deket nya banyak tmpt utk nongkrong ( ngopi ) ğŸ‘ğŸ‘ â€¦"
Simpang Lima Gumul,Xerin Kumalasa,4 bulan lalu,4 bintang,"Bersih, iconic, bagus buat foto."
Simpang Lima Gumul,Giri Inayah,2 bulan lalu,5 bintang,Ini memang icon nya Kediri. Sempatkan foto disini ya. Foto di lorongnya juga keren-keren....
Simpang Lima Gumul,Leon Debora,3 minggu lalu,5 bintang,Tempat yang bagus untuk holiday di hari weekends
Simpang Lima Gumul,M Ilhamsyah,setahun lalu,5 bintang,"Meski terletak di tengah-tengah jalan protokol tempat kendaraan berlalu lalang, tetapi tenang saja. Tidak perlu mengkhawatirkan cara menyeberang ke taman ini karena Simpang Lima Gumul bisa diakses melalui lorong di bawah tanah. Di lorong â€¦"
Simpang Lima Gumul,Safriani Aisyah,4 minggu lalu,5 bintang,Tempat luas dan menyenangkan
Simpang Lima Gumul,Afandi Putra,7 bulan lalu,5 bintang,Menarik disana tempatnya sejuk skali .. bahkan saya sempat tertidur saking nyaman sejuk teduhnya ... Pastikan bawa tikar karena sangat bermanfaat untuk tiduran dsana
Simpang Lima Gumul,hikmatus shibyan,4 bulan lalu,5 bintang,Baru pertama kali kesini pas tahun baru rame banget
Simpang Lima Gumul,Tri Nindya,setahun lalu,4 bintang,"Berkunjung ke Kediri, jangan lewatkan singgah di Simpang Lima Gumul (SLG) dan bangunan ikonik yang satu ini. Bangunan yang sekilas mirip Arc De Triumph yang berada di Paris ini menjadi daya tarik wisatawan sejak diresmikan tahun 2008. â€¦"
Simpang Lima Gumul,HudA,4 bulan lalu,5 bintang,Tempat yg luas pemandangan yg bagus.. kalau dimalam hari malah tambah apik
Simpang Lima Gumul,gayu ma'rifatul hanik,4 bulan lalu,4 bintang,"Hari libur full, anginnya sepoi2. Seru buat nongkrong santai bareng keluarga."
Simpang Lima Gumul,Sugeng,2 minggu lalu,5 bintang,Tempat yang cocok untuk singgah sesaat atau jalan jalan santai bareng keluarga.selain spot foto dengan bangunan iconiknya ada juga macam macam cemilan dan souvenir di area kakilima nya dengan harga murah.semua sudah tertata rapi dan menyenangkan
Simpang Lima Gumul,Ahmad Fauzan,8 bulan lalu,5 bintang,"Arc de Triomphe veris Kota Kediri

suasana pagi disini belum banyak pengunjung, sejuk udaranya, tapi jika datang
di pagi hari susah untuk cari tempat parkir."
Simpang Lima Gumul,Arlina Putrinaim,2 bulan lalu,5 bintang,"Tempat bersejarah, wajib bila ke kediri mampir di sini, byk jg wisata kulinernya"
Simpang Lima Gumul,MeeTofu,8 bulan lalu,5 bintang,"Tempatnya ramai sekali, cocok untuk malmingan, jalan-jalan, dan kulineran. Banyak macam makanan dan minuman yang dijual dekat monumen, dan di monumen kita bisa bersantai dan foto-foto"
Simpang Lima Gumul,M.Adi Prasetyo,10 bulan lalu,5 bintang,"Bagus ya jelas,gaada penjual juga di sekitaran lokasi,jadi bersih dan rapi.
Untuk parkir cukup untuk beberapa bis,mobil pribadi,dan motor,ada toilet juga,musholla juga ada,kalau dari parkiran menuju tengah tugu ga perlu nyebrang jalan â€¦"
Simpang Lima Gumul,Seno Setiadjie,setahun lalu,5 bintang,"Fasilitas Estetik & menarik

âœ“ Ada terowongan bawah tanah untuk penyabarangan â€¦"
Simpang Lima Gumul,isti anah,11 bulan lalu,5 bintang,"Udah lama pengen kesini, icon nya Kediri, Alhamdulillah kesampean enak di sini lumayan bisa healing tempatnya bersih, dari parkir mobil bisa menyebrang lewat terowongan bawah tanah yang menghubungkan parkiran dan simpang lima Gumul. Ada â€¦"
Simpang Lima Gumul,Bonded prihatin,1 hari lalu,5 bintang,"sangat indah bangunnya kokoh&kuat.
walau angin kencang"
Simpang Lima Gumul,Dian fitri ani,9 bulan lalu,4 bintang,"Banyak wahana , ada kora kora kuda2an bom2 car , biang lala dan banyak penjual makanannya . Harga lumayan bersaing ğŸ‘ â€¦"
Simpang Lima Gumul,Andika MW,9 bulan lalu,4 bintang,"Satu landmark kabupaten Kediri yang yang sangat bagus. Ikonic.
Menjqdi tempat wisara yang sangat menarik untuk dukunjungi, tempatnya bersih terawat dan terpelihara dg baik. Fasilitas toilet bagus, yempat parkir jg bagus luas. Untuk oara pengunjung mohon selalu jaga kebersihan."
Simpang Lima Gumul,Adreena Zaakirah,4 bulan lalu,5 bintang,Seneng banget lah akhirnya bisa ke simpang 5 ini... Dibelakang nya kuliner jg lengkap. Ikon kediri ini emang top markotop. Masuk ke terowongan juga kyk kita masuk ke area monas. Hampir mirip lah
Simpang Lima Gumul,Wahyu ff,setahun lalu,4 bintang,Tempat luas dan cocok untuk berfoto bersama. Parkir motor dan mobil ada diseberang jalan tidak boleh masuk lokasi. Biaya parkir motor 5rb. Tidak ada yg berjualan di area sekitar hanya jualan oleh oleh dan kerajinan tangan
Simpang Lima Gumul,Ermansah,3 bulan lalu,5 bintang,Bagus tempatnya cocok untuk keluarga
Simpang Lima Gumul,Agun Handhi,3 bulan lalu,5 bintang,"Tempat yang nyaman untuk bersantai,
Tempat mampir orang-orang dari luar kota"
Simpang Lima Gumul,SIMETRIKA22 channel,setahun lalu,5 bintang,"Bagus, instagramable, menawan, hanya sj disayangkan layanan lift dan lihat kota dari jendela atas..tdk difungsikan. Banyak toilet di kaki bangunan yg tdk terurus, terkesan kurang serius sbg destinasi wisata"
Simpang Lima Gumul,ria wantina,5 bulan lalu,5 bintang,Pertama ke Simpang Lima Gumul waktu masih dibangun lihat orang-orang lomba layang-layang. Saat ini sdh semakin bagus dan rame. Pernah masuk di dalamnya ğŸ‘ â€¦
Simpang Lima Gumul,Adhi Pratama,9 bulan lalu,5 bintang,"tempat parkir luas, untuk mobil tarif 5.000.. udaranya kalo sore sejuk, adem. pas banget buat nongkrong sm keluarga. banyak tempat duduk. minggu sore kesana rameee banget. ada tempat oleh2 juga. smoga tetap terjaga kebersihannya. betah lama2 disana"
Simpang Lima Gumul,Icha Ronal,4 bulan lalu,4 bintang,"Masya Allah tempatnya enak adem angin sepoi2 .. bersih dri sampah,,"
Simpang Lima Gumul,Ima Rohima,6 bulan lalu,4 bintang,"Bagus,, bersih..dan ada pasar malam juga bnyak jajanan sampe bingung pilihnya,, next klo plng k kediri pasti kesana lagi"
Simpang Lima Gumul,Dendy Surya Bakti,3 bulan lalu,5 bintang,Rekomendasi wisata di Kota Kediri. Batas kunjungan sampai 9 malam ya.
Simpang Lima Gumul,Sri Karjanti,6 bulan lalu,4 bintang,"Kesini lagi, dulu kesini tahun 2017 masih sepi pengunjung dan proses renovasi, sekarang sdh rame, tempatnya jg bersih"
Simpang Lima Gumul,Arief Rahman Hakim,2 hari lalu,4 bintang,"Ikonnya Kediri, Akses masuknya unik. Sayang Dishub/Dllaj nya kurang peka buat ngasih tanda/petunjuk jalan di setiap belokan."
Simpang Lima Gumul,Ishaqul Fahriza,4 hari lalu,5 bintang,Tempat beribu kanangan dari masa lalu.. Anjayyy
Simpang Lima Gumul,Vespa Fest,4 bulan lalu,5 bintang,Tempat yang bagus untuk nongkrong dan ngopi bersama kawanÂ² (kediri bagian sambat)ğŸ¤£ğŸ¤£ â€¦
Simpang Lima Gumul,Anton Saja,5 bulan lalu,4 bintang,Cukuk asik berspeda satu group GP COMMUNITY dari Kota TULUNGAGUNG menuju ke SLG KEDIRI Pulang Pergi menggenjot dua pedal. Slm sehat semua
Simpang Lima Gumul,Azaria Halila,3 bulan lalu,5 bintang,"Yakali belajar di kampung inggris pare, tapi ga main ke simpang lima? ğŸ¤ª iconic bgtttâœ¨ â€¦"
Simpang Lima Gumul,Hakim 420,3 bulan lalu,5 bintang,"Tempat yg paling istimewa di daerah Kediri, memiliki spot foto banyak dan juga suport umkm."
Simpang Lima Gumul,Winda Silvia Fatimah,10 bulan lalu,5 bintang,"Salah satu destinasi kota tujuan, view-nya cukup untuk menyegarkan fikiran, ada tempat duduk untuk bersantai dan ngobrol.
Kesana waktu bukan weekend jadi cukup sepi,"
Simpang Lima Gumul,M. Isnaeni Rosid,10 bulan lalu,5 bintang,Monumen simpang lima gumul (SLG) merupakan icon Kediri. Jadi tempat wisata yg wajib dikunjungi kalau berlibur ke Kediri. Paling bagus kalau berkunjung malam hari. Jajanan sekitar SLG juga enak2. Cocok untuk berwisata bersama keluarga.
Simpang Lima Gumul,Bams Adipat1,3 minggu lalu,4 bintang,"Tempat parkir luas,bangunan megah"
Simpang Lima Gumul,RITA RISTYANDA PUTRI,5 bulan lalu,5 bintang,"Syedih pas kesana selasa malem lampu bangunannya gelap g dinyalain , jadi g terekspose ke eksotisan nya"
Simpang Lima Gumul,Achmad Nadjib,2 bulan lalu,5 bintang,"Tempatnya strategis, baik untuk foto"
Simpang Lima Gumul,Wishnu Pratama,setahun lalu,4 bintang,"Icon kota kediri, sebener ga ada yg istimewa tapi ini bisa jadi contoh buat kota2 lain supaya punya icon yang bisa jadi tujuan wisata, ya walopun sampai sana cman foto2 doank â€¦"
Simpang Lima Gumul,Suko Prasetyo,6 bulan lalu,5 bintang,"mantul buat jalan jalan sore, tempat nya oke, pepohonan dan taman nya oke dan banyak pedagang kuliner di kawasan area SLG"
Simpang Lima Gumul,Ita Nur,5 bulan lalu,5 bintang,"Tempat parkir luas, kesini pas sore jadi gak kepanasan, wisata murah meriahâœ¨"
Simpang Lima Gumul,khodami A,4 bulan lalu,5 bintang,"Salah satu destinasi wisata paling populer di kediri , tempatnya nyaman cocok buat spot foto dan main anakÂ²"
Simpang Lima Gumul,Bimbi Sukma,10 bulan lalu,5 bintang,"Area cfd gumul selalu rame tiap weekend.
Pedagangnya makin hari makin banyak, ada yang jual makanan/minuman, baju, topi, ikan, bahkan perabot rumah tangga pun ada.  Untuk area bermain lebih baik ke â€¦"
Simpang Lima Gumul,A rianto,1 hari lalu,4 bintang,Monumen yang mirip dengan monumen di Paris. Berada di selatan kediri menjadi ikon kota dengan sejarah panjang kediri yg terkenal dengan salah satu rajanya jayabaya.
Simpang Lima Gumul,Fahmil,setahun lalu,4 bintang,"Setelah 3 bulan di kediri akhirnya kesini juga pas banget ada kediri dolanan jajanan makanan semua ada mainan, aksesoris.
Ini adalah salah satu monumen di kediri yang katanya mirip samaArc de Triomphe â€¦"
Simpang Lima Gumul,Aiziuss 2161,setahun lalu,5 bintang,"Liburan gratis yah ini, ga ada tiket masuk tp tempatnya bagus, n bersih. Bangunan arsitektur khas eropa yg berdiri megah di kelilingi jalan raya ke di segala penjuru.nya."
Simpang Lima Gumul,RIAWAN DONI,2 tahun lalu,5 bintang,Diubah menjadi tempat pariwisata atau destinasi yang wajib di kunjungi ketika singgah di Kediri. Sudah di sediakan tempat parkir dan tempat parkir terhubung langsung ke Monumen simpang limanya melalui jalan bawah tanah. Dan untuk pengaturan â€¦
Simpang Lima Gumul,nice jeffins,4 bulan lalu,5 bintang,"Bagus klo sore sampai malam sayangnya jam 9 malam pas,dimatikan lampu""nya dan terowongan penyeberangan ke tempat parkir di tutup,terdapat toilet dan mushalla,di sekitar tempat parkir terdapat pusat kuliner yang lengkap.cocok buat bawa keluarga"
Simpang Lima Gumul,Hafidz Hening,4 bulan lalu,4 bintang,Tempat santai dan cocok untuk joging di pagi hari. sayang tidak ada kuliner di dekat situ.
Simpang Lima Gumul,Initial V (Sipeng),4 bulan lalu,5 bintang,"Tugu kenangan, 15 tidak berjumpa...
Apa kabarmu??"
Simpang Lima Gumul,Ayu Mega,setahun lalu,5 bintang,Kesini pas hari Minggu dan pastinya ramai. Tiket masuknya free dan banyak spot foto. Dekat dengan pasar dadakan yang banyak menjual makanan. Harga makanan murah dan terjangkau. Parkir mobil 3rb dan dikelola warga dan kartar DS.Tugurejo..Yg dari luar kota wajib kesini
Simpang Lima Gumul,mazh wardani,8 bulan lalu,5 bintang,"Bersih...
iconic...
Tp sayang, jam buka lahan parkirnya siang padahal weekend...
(Mungkin sudah aturannya seperti itu)"
Simpang Lima Gumul,Riski Putra,4 bulan lalu,5 bintang,Baru pertama kali lebih simpang 5 Kediri sangat bagus bangetğŸ‘ğŸ‘ğŸ‘ â€¦
Simpang Lima Gumul,Budiyatno Sutomo,8 bulan lalu,4 bintang,Monumental utk Kediri   mantabbb... Sayang akses area parkir ke lokasi tidak dibuat khusus....
Simpang Lima Gumul,Yudi Bintang Biru,sebulan lalu,4 bintang,"Keren Suasana d Simpang GuMuL.
Bayar parkir mobil 5rb, org d wajibkan lewat trowongan d bwh tanah, sudah di sediakan. â€¦"
Simpang Lima Gumul,Anggi pricilliaa (mypriilliaa),3 minggu lalu,5 bintang,Pas gerimis kecil jadi sepi wkwkwkwk ini sorean ga banyak org
Simpang Lima Gumul,Sigid Wahyudi,setahun lalu,5 bintang,"Pertama kali kesini wkwkk, dulu sempat cuma lewat doang
Ada keinginan kesini cuma buat nyantai
Mantap, bersih tempatnya, parkir cuma Rp. 2000 lewat terowongan dah sampe monumen,
KereeennğŸ˜…ğŸ‘ğŸ‘ â€¦"
Simpang Lima Gumul,risky huda,setahun lalu,4 bintang,"Kemarin nonton konser di sini, monumennya dikasih laser projection jadi bagus banget...
Sayangnya selesai konser sampahnya buuanyak, tanaman2 pada rusak semua.. â€¦"
Simpang Lima Gumul,Rafaeyz Adventures,2 tahun lalu,4 bintang,"Sore lumayan ramai, sayang sekali fasilitas penyeberangan bawah tanah tutup, hanya buka sabtu minggu. Menyeberang sungguh berbahaya dan harus berhati-hati, karena kendaraan berlalu lalang dengan kecepatan tinggi."
Simpang Lima Gumul,Ery Wanto,5 bulan lalu,5 bintang,"Tempatnya keren,cocok d kunjungi pas pagi atau sore"
Simpang Lima Gumul,M Rob,10 bulan lalu,4 bintang,"Tempat wisata murah meriah di kota kediri, cuma perlu bayar parkir saja. Fasilitas nya juga lumayan terawat"
Simpang Lima Gumul,danny distiyawan,2 minggu lalu,5 bintang,"Parisnya jawa timur, seru tempatnya, keren, instagramable. parkiran luas, deket fasum dan kalau minggu pagi banyak pedagang2 yg jualan macem2, bersih, trtib dan aman"
Simpang Lima Gumul,HENDRA BUDI AWAN,3 hari lalu,5 bintang,Asyik buat santai keluarga
Simpang Lima Gumul,Zainul Chandra,setahun lalu,5 bintang,"Tempatnya bagus sih buat spot foto, keberhasilan nya juga terjaga rekomendasi banget buat dikunjungi bersama keluaga atau sama pasangan
Di deket slg juga ada tempat orang jualan makanan,minuman dan cemilan cocok buat yang suka jajan beraneka jajanan ada disana bahkan oleh""juga ada disana"
Simpang Lima Gumul,Ardianisa,setahun lalu,5 bintang,"tempatnya estetik, bersih dan tertata rapiâ€¦ banyak pohon dan tanaman perindang yang membuat pengunjung semakin nyaman dan jadi lebih cantik untuk spot fotoâ€â€¦ keren pokoknya semoga kedepan semakin bagus lagi dan lebih terawat lagi biar pngunjung semakin banyak. Terima kasih"
Simpang Lima Gumul,Youdhiyan Fellaini,setahun lalu,5 bintang,Tempatnya lumayan bagus . Cuman bangunan Dan area sekitar perlu Ada peremajaan .. kl mau photo Cari angle didepan simpang Lima Di seberang jalan saja..area kulinarinya udah lumayan bagus
Simpang Lima Gumul,Riza Alfandy,sebulan lalu,5 bintang,Ada jajanan Khas kota kediri
Simpang Lima Gumul,dewi ida setyawati,10 bulan lalu,5 bintang,Wisata gratis dan menyenangkan. Sayangnya malah g tau tempat parkirnya. Padahal ada. Jadinya jalan agak jauh tapi bisa melewati banyak kuliner pedangangÂ² yg berjejerÂ²...
Simpang Lima Gumul,Her Sus,10 bulan lalu,4 bintang,"Tarif parkir masuk 5rb dan tidak dikenakan biaya untuk biaya biaya lainnya..

Untuk menuju monumen,  kita melewati lorong bawah tanah, tidak perlu menyebrang â€¦"
Simpang Lima Gumul,Indah Csoff,11 bulan lalu,5 bintang,"Bangunan monumen yg menjadi ikon Kediri dan ramai dikunjungi utk berfoto2 karena bangunannya yg unik mirip Arc de Triomphe, Paris. Masuk gratis, cm bayar parkir sj. Utk masuk ke lokasi, dr tempat parkir kita diarahkan masuk ke bangunan yg â€¦"
Simpang Lima Gumul,Mukhibbatul Adawiyah,setahun lalu,5 bintang,"Tempat parkir luas, masuk tempatnya juga bagus  recommended  utk nongkrong bersama sanak saudara â€¦"
Simpang Lima Gumul,Iwan Rochmad,3 bulan lalu,4 bintang,Salah satu icon kediri tidak ada salahnya mampir utk berfoto bersama keluarga
Simpang Lima Gumul,Liaahaq,11 bulan lalu,5 bintang,Tempat terbuka paling nyaman buat nongkrong. Kesana waktu jam 2 siang harusnya pas lagi panas panasnya tapi beruntung lagi mendung. Best visit ketika sore dan malam.
Simpang Lima Gumul,Bisri Mukhamad shofa,5 bulan lalu,4 bintang,"Penak
Mewah
Mantap lah buat jalan jalan keluarga"
Simpang Lima Gumul,Rizka Insani,setahun lalu,5 bintang,"Bagus, hanya fasumnya yang seadanya, mushola kurang luas sehingga sulit ketika jamaah putri dan putra akan sholat bersamaan, untuk toiletnya tolong diberikan cantolan baju ya ... gedung ada beberapa yg rusak mungkin bisa mulai dilakukan perawatan ahgar tetap estetik, lainnya oke"
Simpang Lima Gumul,Muhammad Nabih Ali,5 bulan lalu,5 bintang,Good place. Salah 1 ikon kota Kediri.
Simpang Lima Gumul,E.M.W Chicken,8 bulan lalu,5 bintang,Lokasi yg nyaman untuk menghabiskan waktu menikmati udara segar ditengah kota..akses aman untuk pejalan kaki..senang bisa singgah disini sekedar minum kopi bekal sendiriğŸ˜ â€¦
Simpang Lima Gumul,Afrila Eka Wardhana (Dhana JJT),setahun lalu,5 bintang,"Tempat rest area, ada pedagan kaki 5 di sebelah tempat parkir, monumen kebanggaan Kabupaten Kediri"
Simpang Lima Gumul,erwan eko triyanto,4 minggu lalu,2 bintang,Kurang terawat...sayang sekali tempat sebagus itu sepertinya kurang terawat. Toilet wanita aja sampe mampet jadi digabung dgn toilet pria
Simpang Lima Gumul,sisilia liesty,11 bulan lalu,5 bintang,Menyenangkan ... Tempatnya bagus bersih dan keren. Sengaja datang ke Kediri untuk mengunjungi tempat ini. Yang suka traveling jangan lewatkan simpang lima gumul ya . Spot fotonya keren
Simpang Lima Gumul,Sugi Yanto,3 minggu lalu,5 bintang,"Sayang ga ada tempat parkir, karna ga tau juga"
Simpang Lima Gumul,steadyhead,4 bulan lalu,5 bintang,"SLG selalu ramai saat weekend hingga kesulitan mencari parkir. Momunen ini menjadi salah satu destinasi wajib di Kediri, namun ad beberapa masukan:
1. Kebersihan yang kurang, banyak pengunjung buang sampah sembarangan. â€¦"
Simpang Lima Gumul,Indah Wahyuni,10 bulan lalu,5 bintang,Dengan pemandangan yg indah dan angin yg sepoi2.. sangat cocok berkunjung di sore har..
Simpang Lima Gumul,Jihan Inayah,4 bulan lalu,5 bintang,"Yang katanya Paris versi lokal. Tiketnya murah. Dan wajib kesini kalo trip Kediri. Hehe. Ruame poll, akhir tahun."
Simpang Lima Gumul,Hafidz Lukman Hakim,setahun lalu,4 bintang,"Tempat yang cukup terkenal, persimpangan yang menghubungkan dengan kota di sekitarnya, tempatnya bagus, cocok buat fotoÂ² bersama teman/keluarga yang ramah di kantong"
Simpang Lima Gumul,Edi Waluyo,4 bulan lalu,5 bintang,"Bagus untuk liburan bersama keluarga, suasana rindang banyak pepohonan, kalau mau kuliner juga banyak tinggal pilih aja sesuai selera, pokoknya liburan murah meriah â€¦"
Simpang Lima Gumul,Thiyar wulandari,2 tahun lalu,4 bintang,"Sebenernya ini bukan tempat wisata, ini monumen di tengah jalan raya (simpang lima), banyak kendaraan-kendaraan berat yang lewat jadi susah buat nyebrang, tapi tetap jadi spot foto yang digemari semua usia, untuk tempat parkirnya ada di sisi barat daya, gabung sama tempat kayak pasar mini dan taman."
Simpang Lima Gumul,Wanda Dwi Rachmaditya (Wanda),10 bulan lalu,5 bintang,"Simpang Lima Gumul Kediri
Ini adalah iconic dari kota Kediri yang tak boleh dilewatkan untuk berswafoto disana. Monumen Gumul ini memang benar berada tepat di bundaran simpang lima yang â€¦"
Simpang Lima Gumul,pujo pramono dwi waluyo,sebulan lalu,5 bintang,"jan pas panas or ujan, cuz sedikit tempat neduh..bawa snack n minuman buat ngemil diatas rumput, tapi jan buang sampah sembarang.."
Simpang Lima Gumul,Fatimah Zahra,4 bulan lalu,5 bintang,"Ikon kota kediri, kesulitan ut cari parkir"
Simpang Lima Gumul,tika ullyatifa,2 tahun lalu,5 bintang,"Waktu kesini masi ditutup karna pandemi. Tempat parkirnya juga ditutup. Kalo normal ada bbrapa tempat parkir dibawah gitu. Trnyata cuma bangunan kyk pintu gitu aja tapi rame banget karna iconic yaa. Waktu kesini malam minggu, yang bikin bagus adalah waktu saya kesini tidak ada PKL dan penjual pentol sperti biasanya hihi"
Simpang Lima Gumul,Justang Fariel,11 bulan lalu,5 bintang,Icon yang memorable banget. Lampu cahayanya di malam hari sangat elok dan bagus. Tak jauh dari landmark ini terdapat area umkm yang dipenuhi street vendor. Jadi bisa wisata kuliner dulu baru kemudian ke landmark ini sambil berfoto ria. Icon â€¦
Simpang Lima Gumul,Mickael Putra Johanies,setahun lalu,5 bintang,"Tempat wisata khas Kediri, sangat khas dan unik, tempat nya luas, besar dan megah, tempat parkir cukup luas bahkan ada tempat berjualan jajan beraneka ragam tersedia disini posisi dekat parkir 2, cocok untuk berkumpul bersama keluarga dan teman teman hingga malam disini, sarana dan prasarana cukup baik."
Simpang Lima Gumul,Dede Supriatna,setahun lalu,4 bintang,"Salah satu ikon kota kediri
Bagi teman teman dari luar kota pastilah akan selalu mampir kesini
Dan tempat ini juga selalu ramai di hari minggu â€¦"
Simpang Lima Gumul,Betro Com,4 bulan lalu,2 bintang,"Tempat kotor,pedagang tidak tertata,perawatan bangunan minim,lorong udaranya pengap. Pemerintak kota kediri seharusnya ada perhatian untuk untukengelola dan merawatnya.Karene Dana rakyat sudah di gunakan untuk pembangunan,sayang kalo â€¦"
Simpang Lima Gumul,restu,2 bulan lalu,3 bintang,Kesini siang hari saat weekday. Parkiran banyak tapi ditutup pintu masuknya jadi harus agak muter. Tidak ada tourist center yg buka. Tempat oleh oleh kurang menarik. Tidak ada kegiatan yg bisa dilakukan.
Simpang Lima Gumul,Albi Musthofa,11 bulan lalu,5 bintang,"Tempat nya terawat sekali, cuma bagi pengunjung yg baru ke sini, mungkin bingung tempat parkiran,
Ternyata di masing2 persimpangan ada tulisan parkir 1 dan 2
Tapi memang tempat ini bagus sekali."
Simpang Lima Gumul,Ibra Hiim,9 bulan lalu,5 bintang,"Tempat paling cocok untuk bersama keluarga, pasangan, dll. Tempat ini juga cocok untuk bersantai dan berfoto"
Simpang Lima Gumul,Widhy channel,2 minggu lalu,5 bintang,"Tempat nyantai n nongkrong bareng teman,,pacar or klurga,,
Masuknya murah,,klw g salah cuma byar parkir,,
Pintu masuknya keren,,sperti trowongan jaman jepang... â€¦"
Simpang Lima Gumul,Ade Puspita Sari,2 tahun lalu,4 bintang,"Kesini pas pagi sekitar jam 9-10an kebetulan masih sepi dan belum di buka untuk yang bawah tanahnya.
Untuk ke sini tidak dikenakan tarif masuk â€¦"
Simpang Lima Gumul,Widia Maya Sari,4 bulan lalu,3 bintang,"Dulu pertama kali ke gumul di tahun 2009, saya merasa gumul tempat yg bagus.

Kemarin saya dan keluarga berkunjung lagi ke gumul, Alhamdulillah tambah bagus. â€¦"
Simpang Lima Gumul,rae noku,4 bulan lalu,4 bintang,"(Review Lengkap)

Bagus, selalu ada event, selalu ramai, dan tempatnya lumayan bersih walaupun ada â€¦"
Simpang Lima Gumul,F a j a r,3 bulan lalu,5 bintang,"Kren ide bupati yg bangun ini....
Jadi ikon khas kota kediri..."
Simpang Lima Gumul,ira wati,6 bulan lalu,5 bintang,"Areanya luas, bersih lokasi mudah dijangkau. Paling enak datang ke sini saat sore hingga malam hari."
Simpang Lima Gumul,Aisa Putri,setahun lalu,5 bintang,"baru pertama kali kesini, kesannya bersih, rindang dan nyaman tapi sayangnya saat siang tadi kesana monumen simpang limanya sedang tutup jadi harus menyeberang jalan dan harus berhati-hati karena jalurnya diberlakukan 1 arah dan kendaraan melaju cepat."
Simpang Lima Gumul,Nova Rachmawati,2 bulan lalu,5 bintang,D area kulinernya Banyak penjual makanan Dr makanan ringan sampai makanan berat... Bagi yg kangen dengan pasar malam Di Area bermainnya tersedia banyak pilihan permainan seperti Di pasar malam.. yg bisa d jadikan tempat untuk mengisi waktu â€¦
Simpang Lima Gumul,waka waka waka waka,3 bulan lalu,2 bintang,Tempat sebesar itu seharusnya bisa membuat MUSHOLA yang besar. Saya sangat kecewa kemarin dari trenggalek mampit ke situ mau sholat musholanya sungguh sangat memprihatinkan. Kamar mandi bau pesiiiing. Mushola buat tempat berhias padahal diluar antrii yang mau sholat banyak. Sangat gak LOGIS.
Simpang Lima Gumul,Alfina Ahadah,2 tahun lalu,4 bintang,"Karna saya berkunjungnya saat pandemi, jadi tempatnya sepi karna dipagar pakai rantai besar, jadi tidak bisa masuk. ğŸ˜”
Tempat parkir pun juga ditutup, alhasil banyak orang org yg menempatkn kendaraannya di tepi tepi jalan, padahal sudah ada tanda. ğŸš«ğŸš³ â€¦"
Simpang Lima Gumul,Resti kw,11 bulan lalu,5 bintang,"Wisata murah di Kediri,paling cocok ketika sore hari dengan suasana sejuk melihat matahari tenggelam."
Simpang Lima Gumul,Lissa Agnisa,setahun lalu,5 bintang,Bagussss.. bisa foto dr 4 sisi.. malam minggu rame banget.. tp sepertinya ada karangan berjualan di sekitar tempat tersebut yaaaa...
Simpang Lima Gumul,Bheryll Devan,2 tahun lalu,5 bintang,"Ke sini malem-malem. Sekarang karena situasi covid-19 sudah mereda jadi akses ke monumen utama sudah dibuka untuk umum. Dulu hanya malam Minggu saja, tetapi sekarang hari biasa sudah buka. Sangat recommended pelayanannya. Cuman kadang di â€¦"
Simpang Lima Gumul,30_Siti Nur Fadilah,2 tahun lalu,4 bintang,"Allhamdulillah bisa sampai di sana dengan selamat. Tentunya menyenangkan, hanya saja masih ditutup jadi nggak bisa masuk ke dalam hanya bisa foto di Trotoar (depanya Tugu) aja :( â€¦"
Simpang Lima Gumul,Pungki Kurniawati,6 bulan lalu,4 bintang,Bagus buat photo* d dekat simpang lima juga banyak taman* nya tersedia juga toilet umum yang bersih banyak penjual makanan juga
Simpang Lima Gumul,Achmad Maim,2 bulan lalu,5 bintang,"Sejatinya adalah sebuah persimpangan jalan yang menjadi titik pertemuan lima ruas jalan. Di kawasan simpang ini, dibangun sebuah monumen indah yang megah dengan desain arsitektural yang terinspirasi dari Monumen Lâ€™Archde Triomphe di Paris. â€¦"
Simpang Lima Gumul,Silvia Kamila,setahun lalu,5 bintang,Tugu simpang Lima gumul yang bentuknya mirip dengan sala satu monumen yang ada di perancis.tugu ini menjadi ikon kabupaten kediri.tempatnya cukup luas dan bersih. Saran saya kalo berkunjung kesini lebih baik pagi hari atau sore hari karena â€¦
Simpang Lima Gumul,Ilmira Risya,5 bulan lalu,5 bintang,Ademmm..anginnya kenceng bngt klo malem..
Simpang Lima Gumul,aunty intugh,setahun lalu,5 bintang,"Suasananya panas hehehe, tapi tempatnya cantik dan bersih sih, apalagi kalo foto dapat background langit yang cantikk... Cobain dehh"
Simpang Lima Gumul,ratna susanti,6 bulan lalu,4 bintang,"Tempatnya bagus sejuk dengan angin semilir, bagus untuk liburan"
Simpang Lima Gumul,Den Ardani AS.,8 bulan lalu,5 bintang,"Kebersihan: OK
Rapi: Iya â€¦"
Simpang Lima Gumul,nur kholiq,4 bulan lalu,4 bintang,Bangunan yg bagus di tengah tengah jalan simpang lima. Keren banget foto gw
Simpang Lima Gumul,EGGRY STALA VARDHANA,11 bulan lalu,4 bintang,"Cocok nih buat yg suka foto* klo main ke sini
Tempatnya ramai klo event liburan
Serunya duduk* di bawah pohon sambil bawa makanan ringan nikmatin suasananya di sini"
Simpang Lima Gumul,Fastabiqul Khairat,setahun lalu,5 bintang,"Tempat nya bagus
Mungkin bisa di renovasi biar lebih bagus lagi
Area sekitar juga mungkin bisa lebih di beri penghijauan karena cukup panas hehe â€¦"
Simpang Lima Gumul,Amar Ghani,sebulan lalu,5 bintang,"Gratis, ada tempat parkir T2 dan T3 nanti masuk lorong aja gak terlalu jauh jalannya langsung ke monumen nya"
Simpang Lima Gumul,Herbal Pak Luluk,5 tahun lalu,3 bintang,"Lokasi ini menjadi ikon kota kediri. Untuk menuju lokasi mudah & petunjuknya banyak + jelas. Disediakan tempat parkir mobil & motor yg luas. Untuk menuju bangunan SLG tidak perlu repot & susah menyeberang jalan, krn disediakan jalan bawah â€¦"
Simpang Lima Gumul,Dewi Ulan Dari,setahun lalu,5 bintang,"Momen lebaran tahun ini seharian di Kota Kediri, mampir ke Iconnya kota Kediri nih. Suasana malamnya syahdu banget, jadi candu pengen next balik lagi ke sini. Kediri berbudaya banget deh:)"
Simpang Lima Gumul,iba sweetie'zt,11 bulan lalu,5 bintang,Kalo kesini malem2 siap2 bawa jaket yg tebel. Karena anginnya sangat kncang. Untuk sampaj di monumennya harus jalan melewati terowongan dari  tempat parkir.
Simpang Lima Gumul,Puput Wulandari,setahun lalu,5 bintang,"Tempatnya bagus banget, masuknya lewat lorong bawah tanah.
Kalau malam pemandangannya lebih indah
Disini anginnya lumayan besarr, semribit"
Simpang Lima Gumul,Rita Anggun Tabah Imania,9 bulan lalu,5 bintang,"Tempatnya luas,bersih dan cocok buat bersantai dengan keluarga,cocok buat anak2 mengeksplore diriğŸ¥° â€¦"
Simpang Lima Gumul,fha fifu,6 bulan lalu,5 bintang,"Tempatnya bagus,toilet juga tersedia,mau beli oleh2 juga ada yang jual"
Simpang Lima Gumul,Zainal Muttaqin,6 bulan lalu,5 bintang,"bagus sekali cocok buat nongkrong, apalagi sore sampai isyak sangat bagus"
Simpang Lima Gumul,Toni Alex,3 bulan lalu,5 bintang,"View nya bagus
Apa lagi di sore hari"
Simpang Lima Gumul,Tanjung Purwoadi,10 bulan lalu,4 bintang,"Area monumen edukasi serta wisata di kediri, lokasi sangat strategis di tengah persimpangan kota, masuk area cukup mudah dengan terowongan bawah tanah"
Simpang Lima Gumul,Vivo Y91,10 bulan lalu,5 bintang,"Tempat yg cocok utk masyarakat dlm bersosialisasi dgn berbagai level sosial, ada masjid ada hotel ada hool ada taman n macam"
